java.lang.reflect.Constructor.newInstance(Object[]);System.Reflection.ConstructorInfo.ILOG.J2CsMapping.Reflect.Helper.Invoke<%1>(@0,@1)
java.util.Iterator.hasNext();ILOG.J2CsMapping.Collections.Generics.IIterator.HasNext()
java.util.Iterator.next();ILOG.J2CsMapping.Collections.Generics.IIterator.Next()
java.util.TreeSet.isEmpty();ILOG.J2CsMapping.Collections.Generics.IIterator.IsEmpty()
java.util.TreeSet.size();ILOG.J2CsMapping.Collections.Generics.IIterator.Count()
java.util.Iterator.hasNext();ILOG.J2CsMapping.Collections.Generics.IIterator.HasNext()
java.util.Set.iterator();ILOG.J2CsMapping.Collections.Generics.IIterator.new ILOG.J2CsMapping.Collections.Generics.IteratorAdapter<%1>(GetEnumerator())
java.util.EnumSet.complementOf(EnumSet<E>);ILOG.J2CsMapping.Collections.Generics.IIterator.ILOG.J2CsMapping.Collections.Generics.EnumSet/* insert_here:<%1> */.ComplementOf/* insert_here:<%1> */(@1)
java.util.EnumSet.of(E);ILOG.J2CsMapping.Collections.Generics.IIterator.ILOG.J2CsMapping.Collections.Generics.EnumSet/* insert_here:<%1> */.Of/* insert_here:<%1> */(@1)
java.util.EnumSet.allOf(Class<E>);ILOG.J2CsMapping.Collections.Generics.IIterator.ILOG.J2CsMapping.Collections.Generics.EnumSet/* insert_here:<%1> */.AllOf/* insert_here:<%1> */(@1)
java.util.EnumSet.range(E,E);ILOG.J2CsMapping.Collections.Generics.IIterator.ILOG.J2CsMapping.Collections.Generics.EnumSet/* insert_here:<%1> */.Range/* insert_here:<%1> */(@1,@2)
java.util.EnumSet.copyOf(Collection<E>);ILOG.J2CsMapping.Collections.Generics.IIterator.ILOG.J2CsMapping.Collections.Generics.EnumSet/* insert_here:<%1> */.CopyOf/* insert_here:<%1> */(@1)
java.util.EnumSet.of(E,E,E,E,E);ILOG.J2CsMapping.Collections.Generics.IIterator.ILOG.J2CsMapping.Collections.Generics.EnumSet/* insert_here:<%1> */.Of/* insert_here:<%1> */(@1,@2,@3,@4,@5)
java.util.EnumSet.of(E,E,E);ILOG.J2CsMapping.Collections.Generics.IIterator.ILOG.J2CsMapping.Collections.Generics.EnumSet/* insert_here:<%1> */.Of/* insert_here:<%1> */(@1,@2,@3)
java.util.EnumSet.noneOf(Class<E>);ILOG.J2CsMapping.Collections.Generics.IIterator.ILOG.J2CsMapping.Collections.Generics.EnumSet/* insert_here:<%1> */.NoneOf/* insert_here:<%1> */(@1)
java.util.EnumSet.of(E,E[]);ILOG.J2CsMapping.Collections.Generics.IIterator.ILOG.J2CsMapping.Collections.Generics.EnumSet/* insert_here:<%1> */.Of/* insert_here:<%1> */(@1,@2)
java.util.EnumSet.of(E,E,E,E);ILOG.J2CsMapping.Collections.Generics.IIterator.ILOG.J2CsMapping.Collections.Generics.EnumSet/* insert_here:<%1> */.Of/* insert_here:<%1> */(@1,@2,@3,@4)
java.util.EnumSet.copyOf(EnumSet<E>);ILOG.J2CsMapping.Collections.Generics.IIterator.ILOG.J2CsMapping.Collections.Generics.EnumSet/* insert_here:<%1> */.CopyOf/* insert_here:<%1> */(@1)
java.util.AbstractCollection.contains(Object);ILOG.J2CsMapping.Collections.Generics.IIterator.ILOG.J2CsMapping.Collections.Generics.Collections.Contains(@1,@0)
java.util.Stack.empty();ILOG.J2CsMapping.Collections.Generics.IIterator.(Count==0)
java.util.AbstractList.iterator();ILOG.J2CsMapping.Collections.Generics.IIterator.new ILOG.J2CsMapping.Collections.Generics.IteratorAdapter<%1>(GetEnumerator())
java.util.AbstractList.subList(int,int);ILOG.J2CsMapping.Collections.Generics.IIterator.ILOG.J2CsMapping.Collections.Generics.Collections.SubList(@0,@1,@2)
java.util.SortedMap.entrySet();ILOG.J2CsMapping.Collections.Generics.IIterator.new ILOG.J2CsMapping.Collections.Generics.ListSet<KeyValuePair<%1,%2>>(@0)
java.util.SortedMap.keySet();ILOG.J2CsMapping.Collections.Generics.IIterator.new ILOG.J2CsMapping.Collections.Generics.ListSet<%1>(Keys)
java.util.SortedMap.subMap(K,K);ILOG.J2CsMapping.Collections.Generics.IIterator.ILOG.J2CsMapping.Collections.Generics.Collections.SubMap<%1,%2>(@0,@1,@2)
java.util.SortedMap.firstKey();ILOG.J2CsMapping.Collections.Generics.IIterator.Keys[0]
java.util.Collections.emptySet();ILOG.J2CsMapping.Collections.Generics.IIterator.ILOG.J2CsMapping.Collections./* Generics. */Collections.EmptySet/* insert_here:<%1> */()
java.util.Collections.sort(List<T>,Comparator<? super T>);ILOG.J2CsMapping.Collections.Generics.IIterator.ILOG.J2CsMapping.Collections./* Generics. */Collections.Sort(@1,@2)
java.util.Collections.singleton(T);ILOG.J2CsMapping.Collections.Generics.IIterator.ILOG.J2CsMapping.Collections./* Generics. */Collections.Singleton(@1)
java.util.Collections.singletonList(T);ILOG.J2CsMapping.Collections.Generics.IIterator.ILOG.J2CsMapping.Collections./* Generics. */Collections.SingletonList<%1>(@1)
java.util.Collections.binarySearch(Comparable<? super T>>,T);ILOG.J2CsMapping.Collections.Generics.IIterator.ILOG.J2CsMapping.Collections./* Generics. */Collections.BinarySearch(@1,@2)
java.util.Collections.unmodifiableList(List<? extends T>);ILOG.J2CsMapping.Collections.Generics.IIterator.ILOG.J2CsMapping.Collections./* Generics. */Collections.UnmodifiableList(@1)
java.util.Collections.emptyList();ILOG.J2CsMapping.Collections.Generics.IIterator.ILOG.J2CsMapping.Collections./* Generics. */Collections.EmptyList/* insert_here:<%1> */()
java.util.Collections.enumeration(Collection<T>);ILOG.J2CsMapping.Collections.Generics.IIterator.new ILOG.J2CsMapping.Collections./* Generics. */IteratorAdapter<%1>(GetEnumerator())
java.util.Collections.sort(List<T>);ILOG.J2CsMapping.Collections.Generics.IIterator.ILOG.J2CsMapping.Collections./* Generics. */Collections.Sort(@1)
java.util.Collections.unmodifiableMap(Map<? extends K,? extends V>);ILOG.J2CsMapping.Collections.Generics.IIterator.ILOG.J2CsMapping.Collections./* Generics. */Collections.UnmodifiableMap(@1)
java.util.Map.isEmpty();ILOG.J2CsMapping.Collections.Generics.IIterator.(Count==0)
java.util.Map.get(Object);ILOG.J2CsMapping.Collections.Generics.IIterator.((%2)ILOG.J2CsMapping.Collections.Generics.Collections.Get(@0,@1))
java.util.Map.putAll(Map<? extends K,? extends V>);ILOG.J2CsMapping.Collections.Generics.IIterator.ILOG.J2CsMapping.Collections.Generics.Collections.PutAll(@0,@1)
java.util.Map.entrySet();ILOG.J2CsMapping.Collections.Generics.IIterator.new ILOG.J2CsMapping.Collections.Generics.ListSet<KeyValuePair<%1,%2>>(@0)
java.util.Map.remove(Object);ILOG.J2CsMapping.Collections.Generics.IIterator.ILOG.J2CsMapping.Collections.Generics.Collections.Remove(@0,@1)
java.util.Map.values();ILOG.J2CsMapping.Collections.Generics.IIterator.Values()
java.util.Map.put(K,V);ILOG.J2CsMapping.Collections.Generics.IIterator./* insert_here:(%2) */ILOG.J2CsMapping.Collections.Generics.Collections.Put(@0,(%1)(@1),(%2)(@2))
java.util.Map.size();ILOG.J2CsMapping.Collections.Generics.IIterator.Count()
java.util.Map.keySet();ILOG.J2CsMapping.Collections.Generics.IIterator.new ILOG.J2CsMapping.Collections.Generics.ListSet<%1>(Keys)
java.util.Map.containsValue(Object);ILOG.J2CsMapping.Collections.Generics.IIterator.Values.Contains(@1)
java.util.TreeMap.headMap(K);ILOG.J2CsMapping.Collections.Generics.IIterator.ILOG.J2CsMapping.Collections.Generics.Collections.HeadMap(@0,@1)
java.util.TreeMap.get(Object);ILOG.J2CsMapping.Collections.Generics.IIterator.(%2)ILOG.J2CsMapping.Collections.Generics.Collections.Get(@0,@1)
java.util.TreeMap.remove(Object);ILOG.J2CsMapping.Collections.Generics.IIterator.ILOG.J2CsMapping.Collections.Generics.Collections.Remove(@0,@1)
java.util.TreeMap.entrySet();ILOG.J2CsMapping.Collections.Generics.IIterator.new ILOG.J2CsMapping.Collections.Generics.ListSet<KeyValuePair<%1,%2>>(@0)
java.util.TreeMap.values();ILOG.J2CsMapping.Collections.Generics.IIterator.Values()
java.util.TreeMap.size();ILOG.J2CsMapping.Collections.Generics.IIterator.Count()
java.util.TreeMap.put(K,V);ILOG.J2CsMapping.Collections.Generics.IIterator./* insert_here:(%2) */ILOG.J2CsMapping.Collections.Generics.Collections.Put(@0,(%1)(@1),(%2)(@2))
java.util.TreeMap.keySet();ILOG.J2CsMapping.Collections.Generics.IIterator.new ILOG.J2CsMapping.Collections.Generics.ListSet<%1>(Keys)
java.util.HashMap.get(Object);ILOG.J2CsMapping.Collections.Generics.IIterator.(%2)ILOG.J2CsMapping.Collections.Generics.Collections.Get(@0,@1)
java.util.HashMap.putAll(Map<? extends K,? extends V>);ILOG.J2CsMapping.Collections.Generics.IIterator.ILOG.J2CsMapping.Collections.Generics.Collections.PutAll(@0,@1)
java.util.HashMap.entrySet();ILOG.J2CsMapping.Collections.Generics.IIterator.new ILOG.J2CsMapping.Collections.Generics.ListSet<KeyValuePair<%1,%2>>(@0)
java.util.HashMap.put(K,V);ILOG.J2CsMapping.Collections.Generics.IIterator./* insert_here:(%2) */ILOG.J2CsMapping.Collections.Generics.Collections.Put(@0,(%1)(@1),(%2)(@2))
java.util.HashMap.size();ILOG.J2CsMapping.Collections.Generics.IIterator.Count()
java.util.HashMap.keySet();ILOG.J2CsMapping.Collections.Generics.IIterator.new ILOG.J2CsMapping.Collections.Generics.ListSet<%1>(Keys)
java.util.ArrayList.addAll(int,Collection<? extends E>);ILOG.J2CsMapping.Collections.Generics.IIterator.InsertRange(int,java.util.Collection<? extends E>)
java.util.ArrayList.addAll(Collection<? extends E>);ILOG.J2CsMapping.Collections.Generics.IIterator.AddRange(java.util.Collection<? extends E>)
java.util.ArrayList.size();ILOG.J2CsMapping.Collections.Generics.IIterator.Count()
java.util.ArrayList.ensureCapacity(int);ILOG.J2CsMapping.Collections.Generics.IIterator.Capacity=@1
java.util.WeakHashMap.size();ILOG.J2CsMapping.Collections.Generics.IIterator.Count()
java.util.Hashtable.get(Object);ILOG.J2CsMapping.Collections.Generics.IIterator.(%2)ILOG.J2CsMapping.Collections.Generics.Collections.Get(@0,@1)
java.util.Hashtable.putAll(Map<? extends K,? extends V>);ILOG.J2CsMapping.Collections.Generics.IIterator.ILOG.J2CsMapping.Collections.Generics.Collections.PutAll(@0,@1)
java.util.Hashtable.elements();ILOG.J2CsMapping.Collections.Generics.IIterator.new ILOG.J2CsMapping.Collections.Generics.IteratorAdapter<%2>(Values.GetEnumerator())
java.util.Hashtable.entrySet();ILOG.J2CsMapping.Collections.Generics.IIterator.new ILOG.J2CsMapping.Collections.Generics.ListSet<KeyValuePair<%1,%2>>(@0)
java.util.Hashtable.keys();ILOG.J2CsMapping.Collections.Generics.IIterator.new ILOG.J2CsMapping.Collections.Generics.IteratorAdapter<%1>(Keys.GetEnumerator())
java.util.Hashtable.values();ILOG.J2CsMapping.Collections.Generics.IIterator.Values()
java.util.Hashtable.put(K,V);ILOG.J2CsMapping.Collections.Generics.IIterator./* insert_here:(%2) */ILOG.J2CsMapping.Collections.Generics.Collections.Put(@0,(%1)(@1),(%2)(@2))
java.util.Hashtable.size();ILOG.J2CsMapping.Collections.Generics.IIterator.Count()
java.util.Hashtable.keySet();ILOG.J2CsMapping.Collections.Generics.IIterator.new ILOG.J2CsMapping.Collections.Generics.ListSet<%1>(Keys)
java.util.List.isEmpty();ILOG.J2CsMapping.Collections.Generics.IIterator.(Count==0)
java.util.List.remove(int);ILOG.J2CsMapping.Collections.Generics.IIterator.ILOG.J2CsMapping.Collections.Generics.Collections.RemoveAt(@0,@1)
java.util.List.size();ILOG.J2CsMapping.Collections.Generics.IIterator.Count()
java.util.List.remove(Object);ILOG.J2CsMapping.Collections.Generics.IIterator.ILOG.J2CsMapping.Collections.Generics.Collections.Remove(@0,@1)
java.util.List.listIterator(int);ILOG.J2CsMapping.Collections.Generics.IIterator.new ILOG.J2CsMapping.Collections.ArrayListIterator(@0,@1)
java.util.List.toArray(T[]);ILOG.J2CsMapping.Collections.Generics.IIterator.ILOG.J2CsMapping.Collections./* Generics. */Collections.ToArray(@0,@1)
java.util.List.listIterator();ILOG.J2CsMapping.Collections.Generics.IIterator.new ILOG.J2CsMapping.Collections.ArrayListIterator(@0)
java.util.List.addAll(int,Collection<? extends E>);ILOG.J2CsMapping.Collections.Generics.IIterator.ILOG.J2CsMapping.Collections.Generics.Collections.AddAll(@0,@1,@2)
java.util.List.add(int,E);ILOG.J2CsMapping.Collections.Generics.IIterator.Insert(int,E)
java.util.List.iterator();ILOG.J2CsMapping.Collections.Generics.IIterator.new ILOG.J2CsMapping.Collections.Generics.IteratorAdapter<%1>(GetEnumerator())
java.util.List.contains(Object);ILOG.J2CsMapping.Collections.Generics.IIterator.Contains(java.lang.Object)
java.util.List.removeAll(Collection<?>);ILOG.J2CsMapping.Collections.Generics.IIterator.ILOG.J2CsMapping.Collections.Generics.Collections.RemoveAll(@0,@1)
java.util.Map.Entry.getKey();ILOG.J2CsMapping.Collections.Generics.IIterator.Key()
java.util.Map.Entry.getValue();ILOG.J2CsMapping.Collections.Generics.IIterator.Value()
java.util.Map.Entry.setValue(V);ILOG.J2CsMapping.Collections.Generics.IIterator.Value=@1
java.util.Collection.toArray(T[]);ILOG.J2CsMapping.Collections.Generics.IIterator.ILOG.J2CsMapping.Collections.Generics.Collections.ToArray(@0,@1)
java.util.Collection.isEmpty();ILOG.J2CsMapping.Collections.Generics.IIterator.(Count==0)
java.util.Collection.iterator();ILOG.J2CsMapping.Collections.Generics.IIterator.new ILOG.J2CsMapping.Collections.Generics.IteratorAdapter<%1>(GetEnumerator())
java.util.Collection.clear();ILOG.J2CsMapping.Collections.Generics.IIterator.ILOG.J2CsMapping.Collections.Generics.Collections.Clear(@0)
java.util.Collection.toArray();ILOG.J2CsMapping.Collections.Generics.IIterator.ILOG.J2CsMapping.Collections.Generics.Collections.ToArray(@0)
java.util.Collection.addAll(Collection<? extends E>);ILOG.J2CsMapping.Collections.Generics.IIterator.ILOG.J2CsMapping.Collections.Generics.Collections.AddAll(@1,@0)
java.util.Collection.containsAll(Collection<?>);ILOG.J2CsMapping.Collections.Generics.IIterator.ILOG.J2CsMapping.Collections.Generics.Collections.ContainsAll(@0,@1)
java.util.Collection.size();ILOG.J2CsMapping.Collections.Generics.IIterator.Count()
java.util.Enumeration.hasMoreElements();ILOG.J2CsMapping.Collections.Generics.IIterator.HasNext()
java.util.Collection.add(E);ILOG.J2CsMapping.Collections.Generics.IIterator.ILOG.J2CsMapping.Collections.Generics.Collections.Add(@0,@1)
java.util.LinkedList.getFirst();ILOG.J2CsMapping.Collections.Generics.IIterator.First.Value
java.util.LinkedList.remove();ILOG.J2CsMapping.Collections.Generics.IIterator.RemoveFirst()
java.util.LinkedList.getLast();ILOG.J2CsMapping.Collections.Generics.IIterator.Last.Value
java.util.LinkedList.element();ILOG.J2CsMapping.Collections.Generics.IIterator.First.Value
java.util.LinkedList.add(E);ILOG.J2CsMapping.Collections.Generics.IIterator.AddLast(@1)
java.util.Enumeration.nextElement();ILOG.J2CsMapping.Collections.Generics.IIterator.Next()
java.util.Enumeration.hasMoreElements();ILOG.J2CsMapping.Collections.Generics.IIterator.HasNext()
java.lang.ref.SoftReference.get();System.WeakReference.(%1)Target()
java.lang.Iterable.iterator();System.Collections.Generic.IEnumerable.new ILOG.J2CsMapping.Collections.Generics.IteratorAdapter<%1>(GetEnumerator())
java.lang.Class.getComponentType();System.Collections.Generic.IEnumerable.GetElementType()
java.lang.Class.getDeclaredConstructor(Class<?>[]);System.Collections.Generic.IEnumerable.ILOG.J2CsMapping.Reflect.Helper.GetConstructor(@0,@1)
java.lang.Class.isArray();System.Collections.Generic.IEnumerable.IsArray()
java.lang.Class.getMethod(String,Class<?>[]);System.Collections.Generic.IEnumerable.ILOG.J2CsMapping.Reflect.Helper.GetMethod(@0,@1,@2)
java.lang.Class.getResourceAsStream(String);System.Collections.Generic.IEnumerable.Assembly.GetFile(@1)
java.lang.Class.isInstance(Object);System.Collections.Generic.IEnumerable.IsInstanceOfType(java.lang.Object)
java.lang.Class.isInterface();System.Collections.Generic.IEnumerable.IsInterface()
java.lang.Class.forName(String,boolean,ClassLoader);System.Collections.Generic.IEnumerable.ILOG.J2CsMapping.Reflect.Helper.GetNativeType(@1)
java.lang.Class.getDeclaredConstructors();System.Collections.Generic.IEnumerable.GetConstructors()
java.lang.Class.isPrimitive();System.Collections.Generic.IEnumerable.IsPrimitive()
java.lang.Class.getCanonicalName();System.Collections.Generic.IEnumerable.FullName()
java.lang.Class.getModifiers();System.Collections.Generic.IEnumerable.new ILOG.J2CsMapping.Reflect.IlrModifier(@0).GetModifiers()
java.lang.Class.getDeclaredFields();System.Collections.Generic.IEnumerable.GetFields()
java.lang.Class.getDeclaredMethods();System.Collections.Generic.IEnumerable.GetMethods()
java.lang.Class.getSuperclass();System.Collections.Generic.IEnumerable.BaseType()
java.lang.Class.getConstructor(Class<?>[]);System.Collections.Generic.IEnumerable.ILOG.J2CsMapping.Reflect.Helper.GetConstructor(@0,@1)
java.lang.Class.getDeclaredMethod(String,Class<?>[]);System.Collections.Generic.IEnumerable.ILOG.J2CsMapping.Reflect.Helper.GetMethod(@0,@1,@2)
java.lang.Class.newInstance();System.Collections.Generic.IEnumerable.Activator.CreateInstance(@0)
java.lang.Class.getClassLoader();System.Collections.Generic.IEnumerable.Assembly()
java.lang.Class.getSimpleName();System.Collections.Generic.IEnumerable.Name()
java.lang.Class.forName(String);System.Collections.Generic.IEnumerable.ILOG.J2CsMapping.Reflect.Helper.GetNativeType(@1)
java.lang.Class.getDeclaringClass();System.Collections.Generic.IEnumerable.DeclaringType()
java.lang.Class.getName();System.Collections.Generic.IEnumerable.FullName()
java.lang.Class.getDeclaredField(String);System.Collections.Generic.IEnumerable.GetField(java.lang.String)
java.text.DecimalFormatSymbols.getGroupingSeparator();System.Globalization.NumberFormatInfo.NumberGroupSeparator[0]
java.text.DecimalFormatSymbols.getDecimalSeparator();System.Globalization.NumberFormatInfo.NumberDecimalSeparator[0]
java.math.BigInteger.valueOf(long);System.Int64.@1M
java.math.BigInteger.pow(int);System.Int64.Math.Pow(@0,@1)
java.math.BigDecimal.scale();System.Int64.(int)@0
java.math.BigDecimal.signum();System.Int64.(int)@0
java.math.BigDecimal.setScale(int,int);System.Int64.@0
java.math.BigDecimal.unscaledValue();System.Int64.@0
java.math.BigDecimal.movePointRight(int);System.Int64.@0
java.math.BigDecimal.valueOf(long);System.Int64.@1M
java.math.BigDecimal.movePointLeft(int);System.Int64.@0
java.math.BigDecimal.multiply(BigDecimal);System.Int64.Decimal.Multiply(@0,@1)
java.math.BigDecimal.divide(BigDecimal,int);System.Int64.Decimal.Round(Decimal.Divide(@0,@1),@2)
org.xml.sax.Locator.getLineNumber();ILOG.J2CsMapping.XML.Sax.ILocator.LineNumber()
org.xml.sax.Locator.getColumnNumber();ILOG.J2CsMapping.XML.Sax.ILocator.ColumnNumber()
org.junit.Assert.assertNull(String,Object);NUnit.Framework.Assert.NUnit.Framework.Assert.IsNull(@2,@1)
org.junit.Assert.assertNotNull(String,Object);NUnit.Framework.Assert.NUnit.Framework.Assert.IsNotNull(@2,@1)
org.junit.Assert.assertNotSame(String,Object,Object);NUnit.Framework.Assert.NUnit.Framework.Assert.AreNotSame(@2,@3,@1)
org.junit.Assert.assertTrue(boolean);NUnit.Framework.Assert.NUnit.Framework.Assert.IsTrue(@1)
org.junit.Assert.assertSame(Object,Object);NUnit.Framework.Assert.NUnit.Framework.Assert.AreSame(@1,@2)
org.junit.Assert.fail(String);NUnit.Framework.Assert.NUnit.Framework.Assert.Fail(@1)
org.junit.Assert.assertEquals(double,double,double);NUnit.Framework.Assert.NUnit.Framework.Assert.AreEqual(@1,@2,@3)
org.junit.Assert.assertFalse(String,boolean);NUnit.Framework.Assert.NUnit.Framework.Assert.IsFalse(@2,@1)
org.junit.Assert.assertNotSame(Object,Object);NUnit.Framework.Assert.NUnit.Framework.Assert.AreNotSame(@1,@2)
org.junit.Assert.assertFalse(boolean);NUnit.Framework.Assert.NUnit.Framework.Assert.IsFalse(@1)
org.junit.Assert.assertEquals(String,double,double,double);NUnit.Framework.Assert.NUnit.Framework.Assert.AreEqual(@2,@3,@4,@1)
org.junit.Assert.assertSame(String,Object,Object);NUnit.Framework.Assert.NUnit.Framework.Assert.AreSame(@2,@3,@1)
org.junit.Assert.assertEquals(Object[],Object[]);NUnit.Framework.Assert.NUnit.Framework.Assert.AreEqual(@1,@2)
org.junit.Assert.assertEquals(String,Object[],Object[]);NUnit.Framework.Assert.NUnit.Framework.Assert.AreEqual(@2,@3,@1)
org.junit.Assert.assertNull(Object);NUnit.Framework.Assert.NUnit.Framework.Assert.IsNull(@1)
org.junit.Assert.assertNotNull(Object);NUnit.Framework.Assert.NUnit.Framework.Assert.IsNotNull(@1)
org.junit.Assert.assertTrue(String,boolean);NUnit.Framework.Assert.NUnit.Framework.Assert.IsTrue(@2,@1)
java.util.AbstractCollection.size();System.Collections.ICollection.Count()
java.util.AbstractCollection.remove(Object);System.Collections.ICollection.ILOG.J2CsMapping.Collections.Collections.Remove(@0,@1)
java.util.AbstractCollection.removeAll(Collection<?>);System.Collections.ICollection.ILOG.J2CsMapping.Collections.Collections.RemoveAll(@0,@1)
java.util.Date.before(Date);System.Collections.ICollection.ILOG.J2CsMapping.Util.DateUtil.Before(@0,@1)
java.util.Date.getDay();System.Collections.ICollection.Day()
java.util.Date.getMonth();System.Collections.ICollection.Month()
java.util.Date.getTime();System.Collections.ICollection.(Ticks/10000)
java.util.Date.after(Date);System.Collections.ICollection.ILOG.J2CsMapping.Util.DateUtil.After(@0,@1)
java.util.Date.setTime(long);System.Collections.ICollection.@0=new DateTime((@1)*10000)
java.util.Date.getYear();System.Collections.ICollection.Year()
java.util.Set.iterator();System.Collections.ICollection.new ILOG.J2CsMapping.Collections.IteratorAdapter(GetEnumerator())
java.util.TreeSet.size();System.Collections.ICollection.Count()
java.util.TreeSet.clone();System.Collections.ICollection.Clone()
java.util.Hashtable.putAll(Map<? extends K,? extends V>);System.Collections.ICollection.ILOG.J2CsMapping.Collections.Collections.PutAll(@0,@1)
java.util.Hashtable.elements();System.Collections.ICollection.new ILOG.J2CsMapping.Collections.IteratorAdapter(Values.GetEnumerator())
java.util.Hashtable.entrySet();System.Collections.ICollection.@0
java.util.Hashtable.keys();System.Collections.ICollection.new ILOG.J2CsMapping.Collections.IteratorAdapter(Keys.GetEnumerator())
java.util.Hashtable.values();System.Collections.ICollection.Values()
java.util.Hashtable.put(K,V);System.Collections.ICollection.ILOG.J2CsMapping.Collections.Collections.Put(@0,@1,@2)
java.util.Hashtable.size();System.Collections.ICollection.Count()
java.util.Hashtable.keySet();System.Collections.ICollection.new ILOG.J2CsMapping.Collections.ListSet(Keys)
java.util.Hashtable.clone();System.Collections.ICollection.Clone()
java.util.TreeMap.headMap(K);System.Collections.ICollection.ILOG.J2CsMapping.Collections.Collections.HeadMap(@0,@1)
java.util.TreeMap.remove(Object);System.Collections.ICollection.ILOG.J2CsMapping.Collections.Collections.Remove(@0,@1)
java.util.TreeMap.entrySet();System.Collections.ICollection.@0
java.util.TreeMap.values();System.Collections.ICollection.Values()
java.util.TreeMap.size();System.Collections.ICollection.Count()
java.util.TreeMap.put(K,V);System.Collections.ICollection.ILOG.J2CsMapping.Collections.Collections.Put(@0,@1,@2)
java.util.TreeMap.clone();System.Collections.ICollection.Clone()
java.util.SortedMap.subMap(K,K);System.Collections.ICollection.ILOG.J2CsMapping.Collections.Collections.SubMap(@0,@1,@2)
java.util.SortedMap.firstKey();System.Collections.ICollection.Keys[0]
java.util.Iterator.hasNext();System.Collections.ICollection.HasNext()
java.util.Iterator.next();System.Collections.ICollection.Next()
java.util.Vector.setSize(int);System.Collections.ICollection.RemoveRange(@1,Count-@1)
java.util.Vector.isEmpty();System.Collections.ICollection.(Count==0)
java.util.Vector.elements();System.Collections.ICollection.new ILOG.J2CsMapping.Collections.IteratorAdapter(GetEnumerator())
java.util.Vector.size();System.Collections.ICollection.Count()
java.util.Vector.clone();System.Collections.ICollection.Clone()
java.util.Vector.remove(Object);System.Collections.ICollection.ILOG.J2CsMapping.Collections.Collections.Remove(@0,@1)
java.util.Vector.ensureCapacity(int);System.Collections.ICollection.Capacity=@1
java.util.Vector.copyInto(Object[]);System.Collections.ICollection.CopyTo(java.lang.Object[])
java.util.Vector.firstElement();System.Collections.ICollection.@0[0]
java.util.Vector.addElement(E);System.Collections.ICollection.Add(E)
java.util.Vector.add(int,E);System.Collections.ICollection.Insert(int,E)
java.util.Vector.capacity();System.Collections.ICollection.Capacity()
java.util.Vector.removeElementAt(int);System.Collections.ICollection.ILOG.J2CsMapping.Collections.Collections.RemoveAt(@0,@1)
java.util.Vector.removeAllElements();System.Collections.ICollection.Clear()
java.util.Vector.insertElementAt(E,int);System.Collections.ICollection.Insert(@2,@1)
java.util.Vector.lastElement();System.Collections.ICollection.@0[Count-1]
java.util.Vector.removeElement(Object);System.Collections.ICollection.ILOG.J2CsMapping.Collections.Collections.Remove(@0,@1)
java.util.Vector.add(E);System.Collections.ICollection.Add(E)
java.util.WeakHashMap.size();System.Collections.ICollection.Count()
java.util.StringTokenizer.hasMoreElements();System.Collections.ICollection.HasMoreElements()
java.util.EventObject.getSource();System.Collections.ICollection.Source()
java.util.Locale.getCountry();System.Collections.ICollection.ILOG.J2CsMapping.Util.Culture.CultureInfoHelper.GetCountry(@0)
java.util.Locale.getVariant();System.Collections.ICollection.ThreeLetterWindowsLanguageName()
java.util.Locale.getDisplayName();System.Collections.ICollection.DisplayName
java.util.Locale.getAvailableLocales();System.Collections.ICollection.System.Globalization.CultureInfo.GetCultures(CultureTypes.AllCultures)
java.util.Locale.getDefault();System.Collections.ICollection.System.Globalization.CultureInfo.InvariantCulture
java.util.Locale.getLanguage();System.Collections.ICollection.TwoLetterISOLanguageName()
java.util.Map.Entry.getKey();System.Collections.ICollection.Key()
java.util.Map.Entry.getValue();System.Collections.ICollection.Value()
java.util.Map.Entry.setValue(V);System.Collections.ICollection.Value=@1
java.util.UUID.randomUUID();System.Collections.ICollection.System.Guid.NewGuid()
java.util.AbstractList.listIterator(int);System.Collections.ICollection.new ILOG.J2CsMapping.Collections.ArrayListIterator(@0,@1)
java.util.AbstractList.listIterator();System.Collections.ICollection.new ILOG.J2CsMapping.Collections.ArrayListIterator(@0)
java.util.AbstractList.addAll(int,Collection<? extends E>);System.Collections.ICollection.InsertRange(int,java.util.Collection<? extends E>)
java.util.AbstractList.iterator();System.Collections.ICollection.new ILOG.J2CsMapping.Collections.IteratorAdapter(GetEnumerator())
java.util.AbstractList.subList(int,int);System.Collections.ICollection.ILOG.J2CsMapping.Collections.Generics.Collections.SubList(@0,@1,@2)
java.util.AbstractList.equals(Object);System.Collections.ICollection.ILOG.J2CsMapping.Collections.Collections.Equals(@0,(IList)@1)
java.util.Collections.emptySet();System.Collections.ICollection.ILOG.J2CsMapping.Collections.Collections.EmptySet<%1>()
java.util.Collections.sort(List<T>,Comparator<? super T>);System.Collections.ICollection.ILOG.J2CsMapping.Collections.Collections.Sort(@1,@2)
java.util.Collections.singleton(T);System.Collections.ICollection.ILOG.J2CsMapping.Collections.Collections.Singleton(@1)
java.util.Collections.singletonList(T);System.Collections.ICollection.ILOG.J2CsMapping.Collections.Collections.SingletonList<%1>(@1)
java.util.Collections.binarySearch(Comparable<? super T>>,T);System.Collections.ICollection.ILOG.J2CsMapping.Collections.Collections.BinarySearch(@1,@2)
java.util.Collections.unmodifiableList(List<? extends T>);System.Collections.ICollection.ILOG.J2CsMapping.Collections./* Generics. */Collections.UnmodifiableList(@1)
java.util.Collections.emptyList();System.Collections.ICollection.ILOG.J2CsMapping.Collections.Collections.EmptyList<%1>()
java.util.Collections.enumeration(Collection<T>);System.Collections.ICollection.new ILOG.J2CsMapping.Collections.IteratorAdapter(GetEnumerator())
java.util.Collections.unmodifiableMap(Map<? extends K,? extends V>);System.Collections.ICollection.ILOG.J2CsMapping.Collections.Collections.UnmodifiableMap(@1)
java.util.HashMap.putAll(Map<? extends K,? extends V>);System.Collections.ICollection.ILOG.J2CsMapping.Collections.Collections.PutAll(@0,@1)
java.util.HashMap.put(K,V);System.Collections.ICollection.ILOG.J2CsMapping.Collections.Collections.Put(@0,@1,@2)
java.util.HashMap.size();System.Collections.ICollection.Count()
java.util.HashMap.keySet();System.Collections.ICollection.new ILOG.J2CsMapping.Collections.ListSet(Keys)
java.util.HashMap.clone();System.Collections.ICollection.Clone()
java.util.ResourceBundle.getKeys();System.Collections.ICollection.@0
java.util.ResourceBundle.getBundle(String,Locale,ClassLoader);System.Collections.ICollection.new ResourceManager(@1,@3)
java.util.Stack.empty();System.Collections.ICollection.(Count==0)
java.util.ArrayList.removeRange(int,int);System.Collections.ICollection.RemoveRange(@1,@2-(@1))
java.util.ArrayList.addAll(int,Collection<? extends E>);System.Collections.ICollection.InsertRange(int,java.util.Collection<? extends E>)
java.util.ArrayList.addAll(Collection<? extends E>);System.Collections.ICollection.AddRange(java.util.Collection<? extends E>)
java.util.ArrayList.size();System.Collections.ICollection.Count()
java.util.ArrayList.clone();System.Collections.ICollection.Clone()
java.util.ArrayList.ensureCapacity(int);System.Collections.ICollection.Capacity=@1
java.util.Collection.toArray(T[]);System.Collections.ICollection.ILOG.J2CsMapping.Collections.Collections.ToArray(@0,@1)
java.util.Collection.isEmpty();System.Collections.ICollection.(Count==0)
java.util.Collection.iterator();System.Collections.ICollection.new ILOG.J2CsMapping.Collections.IteratorAdapter(GetEnumerator())
java.util.Collection.clear();System.Collections.ICollection.ILOG.J2CsMapping.Collections.Collections.Clear(@0)
java.util.Collection.toArray();System.Collections.ICollection.ILOG.J2CsMapping.Collections.Collections.ToArray(@0)
java.util.Collection.contains(Object);System.Collections.ICollection.ILOG.J2CsMapping.Collections.Collections.Contains(@1,@0)
java.util.Collection.addAll(Collection<? extends E>);System.Collections.ICollection.ILOG.J2CsMapping.Collections./* Generics. */Collections.AddAll(@1,@0)
java.util.Collection.containsAll(Collection<?>);System.Collections.ICollection.ILOG.J2CsMapping.Collections.Collections.ContainsAll(@0,@1)
java.util.Collection.size();System.Collections.ICollection.Count()
java.util.Collection.remove(Object);System.Collections.ICollection.ILOG.J2CsMapping.Collections./* Generics. */Collections.Remove(@0,@1)
java.util.Collection.add(E);System.Collections.ICollection.ILOG.J2CsMapping.Collections./* Generics. */Collections.Add(@0,@1)
java.util.Map.isEmpty();System.Collections.ICollection.(Count==0)
java.util.Map.get(Object);System.Collections.ICollection.ILOG.J2CsMapping.Collections.Collections.Get(@0,@1)
java.util.Map.containsKey(Object);System.Collections.ICollection.Contains(java.lang.Object)
java.util.Map.putAll(Map<? extends K,? extends V>);System.Collections.ICollection.ILOG.J2CsMapping.Collections.Collections.PutAll(@0,@1)
java.util.Map.entrySet();System.Collections.ICollection.@0
java.util.Map.remove(Object);System.Collections.ICollection.ILOG.J2CsMapping.Collections.Collections.Remove(@0,@1)
java.util.Map.values();System.Collections.ICollection.Values()
java.util.Map.put(K,V);System.Collections.ICollection.ILOG.J2CsMapping.Collections.Collections.Put(@0,@1,@2)
java.util.Map.size();System.Collections.ICollection.Count()
java.util.Map.keySet();System.Collections.ICollection.new ILOG.J2CsMapping.Collections.ListSet(Keys)
java.util.Arrays.hashCode(int[]);System.Collections.ICollection.GetHashCode()
java.util.Arrays.fill(char[],char);System.Collections.ICollection.ILOG.J2CsMapping.Collections.Arrays.Fill(@1,@2)
java.util.Arrays.hashCode(byte[]);System.Collections.ICollection.GetHashCode()
java.util.Arrays.fill(int[],int,int,int);System.Collections.ICollection.ILOG.J2CsMapping.Collections.Arrays.Fill(@1,@2,@3,@4)
java.util.Arrays.hashCode(short[]);System.Collections.ICollection.GetHashCode()
java.util.Arrays.fill(boolean[],boolean);System.Collections.ICollection.ILOG.J2CsMapping.Collections.Arrays.Fill(@1,@2)
java.util.Arrays.hashCode(Object[]);System.Collections.ICollection.GetHashCode()
java.util.Arrays.copyOf(U[],int,Class<? extends T[]>);System.Collections.ICollection.ILOG.J2CsMapping.Collections.Arrays.CopyOf<%1,%2>(@1,@2,@3)
java.util.Arrays.hashCode(double[]);System.Collections.ICollection.GetHashCode()
java.util.Arrays.equals(byte[],byte[]);System.Collections.ICollection.ILOG.J2CsMapping.Collections.Arrays.Equal(@1,@2)
java.util.Arrays.hashCode(float[]);System.Collections.ICollection.GetHashCode()
java.util.Arrays.fill(double[],int,int,double);System.Collections.ICollection.ILOG.J2CsMapping.Collections.Arrays.Fill(@1,@2,@3,@4)
java.util.Arrays.fill(double[],double);System.Collections.ICollection.ILOG.J2CsMapping.Collections.Arrays.Fill(@1,@2)
java.util.Arrays.fill(short[],short);System.Collections.ICollection.ILOG.J2CsMapping.Collections.Arrays.Fill(@1,@2)
java.util.Arrays.hashCode(boolean[]);System.Collections.ICollection.GetHashCode()
java.util.Arrays.sort(T[],Comparator<? super T>);System.Collections.ICollection.Array.Sort(@1,@2)
java.util.Arrays.fill(byte[],byte);System.Collections.ICollection.ILOG.J2CsMapping.Collections.Arrays.Fill(@1,@2)
java.util.Arrays.fill(boolean[],int,int,boolean);System.Collections.ICollection.ILOG.J2CsMapping.Collections.Arrays.Fill(@1,@2,@3,@4)
java.util.Arrays.fill(Object[],int,int,Object);System.Collections.ICollection.ILOG.J2CsMapping.Collections.Arrays.Fill(@1,@2,@3,@4)
java.util.Arrays.fill(short[],int,int,short);System.Collections.ICollection.ILOG.J2CsMapping.Collections.Arrays.Fill(@1,@2,@3,@4)
java.util.Arrays.fill(long[],long);System.Collections.ICollection.ILOG.J2CsMapping.Collections.Arrays.Fill(@1,@2)
java.util.Arrays.asList(T[]);System.Collections.ICollection.ILOG.J2CsMapping.Collections./* Generics. */Arrays.AsList(..)
java.util.Arrays.hashCode(char[]);System.Collections.ICollection.GetHashCode()
java.util.Arrays.sort(T[],int,int,Comparator<? super T>);System.Collections.ICollection.Array.Sort(@1,@2,@3,@4)
java.util.Arrays.fill(Object[],Object);System.Collections.ICollection.ILOG.J2CsMapping.Collections.Arrays.Fill(@1,@2)
java.util.Arrays.fill(char[],int,int,char);System.Collections.ICollection.ILOG.J2CsMapping.Collections.Arrays.Fill(@1,@2,@3,@4)
java.util.Arrays.fill(int[],int);System.Collections.ICollection.ILOG.J2CsMapping.Collections.Arrays.Fill(@1,@2)
java.util.Arrays.fill(float[],float);System.Collections.ICollection.ILOG.J2CsMapping.Collections.Arrays.Fill(@1,@2)
java.util.Arrays.fill(long[],int,int,long);System.Collections.ICollection.ILOG.J2CsMapping.Collections.Arrays.Fill(@1,@2,@3,@4)
java.util.Arrays.hashCode(long[]);System.Collections.ICollection.GetHashCode()
java.util.Arrays.fill(float[],int,int,float);System.Collections.ICollection.ILOG.J2CsMapping.Collections.Arrays.Fill(@1,@2,@3,@4)
java.util.Enumeration.nextElement();System.Collections.ICollection.Next()
java.util.Enumeration.hasMoreElements();System.Collections.ICollection.HasNext()
java.util.LinkedList.remove();System.Collections.ICollection.RemoveFirst()
java.util.LinkedList.element();System.Collections.ICollection.First.Value
java.util.Random.nextInt(int);System.Collections.ICollection.Next
java.util.List.isEmpty();System.Collections.ICollection.(Count==0)
java.util.List.remove(int);System.Collections.ICollection.ILOG.J2CsMapping.Collections.Collections.RemoveAt(@0,@1)
java.util.List.size();System.Collections.ICollection.Count()
java.util.List.remove(Object);System.Collections.ICollection.ILOG.J2CsMapping.Collections.Collections.Remove(@0,@1)
java.util.List.listIterator(int);System.Collections.ICollection.new ILOG.J2CsMapping.Collections.ArrayListIterator(@0,@1)
java.util.List.toArray(T[]);System.Collections.ICollection.ILOG.J2CsMapping.Collections.Collections.ToArray(@0,@1)
java.util.List.addAll(int,Collection<? extends E>);System.Collections.ICollection.ILOG.J2CsMapping.Collections.Collections.AddAll(@0,@1,@2)
java.util.List.listIterator();System.Collections.ICollection.new ILOG.J2CsMapping.Collections.ArrayListIterator(@0)
java.util.List.add(int,E);System.Collections.ICollection.Insert(int,E)
java.util.List.iterator();System.Collections.ICollection.new ILOG.J2CsMapping.Collections.IteratorAdapter(GetEnumerator())
java.util.List.contains(Object);System.Collections.ICollection.Contains(java.lang.Object)
java.util.List.removeAll(Collection<?>);System.Collections.ICollection.ILOG.J2CsMapping.Collections.Collections.RemoveAll(@0,@1)
java.util.regex.Pattern.compile(String);ILOG.J2CsMapping.Text.Pattern.Compile(@1)
java.util.regex.Pattern.matcher(CharSequence);ILOG.J2CsMapping.Text.Pattern.Matcher(@1)
java.util.regex.Matcher.group(int);ILOG.J2CsMapping.Text.Pattern.Group(@1)
java.util.regex.Matcher.find();ILOG.J2CsMapping.Text.Pattern.Find()
java.lang.reflect.InvocationTargetException.getTargetException();System.Reflection.TargetInvocationException.InnerException()
java.lang.reflect.Method.getExceptionTypes();System.Reflection.TargetInvocationException.Attributes()
java.lang.reflect.Method.getParameterTypes();System.Reflection.TargetInvocationException.new ILOG.J2CsMapping.Reflect.IlrMethodInfoAdapter(GetParameters()).GetTypes()
java.lang.reflect.Method.getModifiers();System.Reflection.TargetInvocationException.new ILOG.J2CsMapping.Reflect.IlrModifier(@0).GetModifiers()
java.lang.reflect.Method.getGenericReturnType();System.Reflection.TargetInvocationException.ReturnType()
java.lang.reflect.Method.getGenericParameterTypes();System.Reflection.TargetInvocationException.GetGenericArguments()
java.lang.reflect.Method.invoke(Object,Object[]);System.Reflection.TargetInvocationException.ILOG.J2CsMapping.Reflect.Helper.Invoke(@0,@1,@2)
java.lang.reflect.Method.getReturnType();System.Reflection.TargetInvocationException.ReturnType()
java.lang.reflect.Method.getName();System.Reflection.TargetInvocationException.Name()
java.lang.reflect.Modifier.isTransient(int);System.Reflection.TargetInvocationException.ILOG.J2CsMapping.Reflect.IlrModifier.IsTransient(@1)
java.lang.reflect.Modifier.isSynchronized(int);System.Reflection.TargetInvocationException.ILOG.J2CsMapping.Reflect.IlrModifier.IsSynchronized(@1)
java.lang.reflect.Modifier.isAbstract(int);System.Reflection.TargetInvocationException.ILOG.J2CsMapping.Reflect.IlrModifier.IsAbstract(@1)
java.lang.reflect.Modifier.isVolatile(int);System.Reflection.TargetInvocationException.ILOG.J2CsMapping.Reflect.IlrModifier.IsVolatile(@1)
java.lang.reflect.Modifier.isInterface(int);System.Reflection.TargetInvocationException.ILOG.J2CsMapping.Reflect.IlrModifier.IsInterface(@1)
java.lang.reflect.Modifier.isFinal(int);System.Reflection.TargetInvocationException.ILOG.J2CsMapping.Reflect.IlrModifier.IsFinal(@1)
java.lang.reflect.Modifier.isPrivate(int);System.Reflection.TargetInvocationException.ILOG.J2CsMapping.Reflect.IlrModifier.IsPrivate(@1)
java.lang.reflect.Modifier.isNative(int);System.Reflection.TargetInvocationException.ILOG.J2CsMapping.Reflect.IlrModifier.IsNative(@1)
java.lang.reflect.Modifier.isPublic(int);System.Reflection.TargetInvocationException.ILOG.J2CsMapping.Reflect.IlrModifier.IsPublic(@1)
java.lang.reflect.Modifier.isStatic(int);System.Reflection.TargetInvocationException.ILOG.J2CsMapping.Reflect.IlrModifier.IsStatic(@1)
java.lang.reflect.Modifier.isStrict(int);System.Reflection.TargetInvocationException.ILOG.J2CsMapping.Reflect.IlrModifier.IsStrict(@1)
java.lang.reflect.Field.get(Object);System.Reflection.TargetInvocationException.GetValue(java.lang.Object)
java.lang.reflect.Field.getLong(Object);System.Reflection.TargetInvocationException.(long)GetValue(@1)
java.lang.reflect.Field.getShort(Object);System.Reflection.TargetInvocationException.(short)GetValue(@1)
java.lang.reflect.Field.set(Object,Object);System.Reflection.TargetInvocationException.SetValue(java.lang.Object,java.lang.Object)
java.lang.reflect.Field.getModifiers();System.Reflection.TargetInvocationException.new ILOG.J2CsMapping.Reflect.IlrModifier(@0).GetModifiers()
java.lang.reflect.Field.getInt(Object);System.Reflection.TargetInvocationException.(int)GetValue(@1)
java.lang.reflect.Field.getChar(Object);System.Reflection.TargetInvocationException.(char)GetValue(@1)
java.lang.reflect.Field.getGenericType();System.Reflection.TargetInvocationException.FieldType()
java.lang.reflect.Field.getBoolean(Object);System.Reflection.TargetInvocationException.(bool)GetValue(@1)
java.lang.reflect.Field.getFloat(Object);System.Reflection.TargetInvocationException.(float)GetValue(@1)
java.lang.reflect.Field.getByte(Object);System.Reflection.TargetInvocationException.(byte)GetValue(@1)
java.lang.reflect.Field.getDouble(Object);System.Reflection.TargetInvocationException.(double)GetValue(@1)
java.lang.reflect.Field.getType();System.Reflection.TargetInvocationException.FieldType()
java.lang.reflect.Field.getName();System.Reflection.TargetInvocationException.Name()
java.lang.reflect.Member.getName();System.Reflection.TargetInvocationException.Name()
java.lang.reflect.Member.getDeclaringClass();System.Reflection.TargetInvocationException.DeclaringType()
java.lang.reflect.Array.getLength(Object);System.Reflection.TargetInvocationException.((Array)@1).Length
java.lang.reflect.Array.get(Object,int);System.Reflection.TargetInvocationException.ILOG.J2CsMapping.Collections.Arrays.Get(@1,@2)
java.lang.reflect.Array.newInstance(Class<?>,int[]);System.Reflection.TargetInvocationException.ILOG.J2CsMapping.Collections.Arrays.NewInstance(@1,@2)
java.lang.reflect.Array.set(Object,int,Object);System.Reflection.TargetInvocationException.ILOG.J2CsMapping.Collections.Arrays.Set(@1,@2,@3)
java.lang.reflect.Constructor.getDeclaringClass();System.Reflection.TargetInvocationException.DeclaringType()
java.lang.reflect.Constructor.getExceptionTypes();System.Reflection.TargetInvocationException.Attributes()
java.lang.reflect.Constructor.getParameterTypes();System.Reflection.TargetInvocationException.new ILOG.J2CsMapping.Reflect.IlrMethodInfoAdapter(GetParameters()).GetTypes()
java.lang.reflect.Constructor.getModifiers();System.Reflection.TargetInvocationException.new ILOG.J2CsMapping.Reflect.IlrModifier(@0).GetModifiers()
java.lang.reflect.Constructor.getGenericParameterTypes();System.Reflection.TargetInvocationException.GetGenericArguments()
java.lang.reflect.Constructor.newInstance(Object[]);System.Reflection.TargetInvocationException.ILOG.J2CsMapping.Reflect.Helper.Invoke(@0,@1)
java.lang.Thread.currentThread();System.Threading.Thread.CurrentThread()
java.lang.Thread.getName();System.Threading.Thread.Name()
java.lang.Object.hashCode();System.Threading.Thread.GetHashCode()
java.lang.Object.clone();System.Threading.Thread.Clone()
java.lang.Object.getClass();System.Threading.Thread.GetType()
java.lang.CharSequence.charAt(int);System.Threading.Thread.@0[@1]
java.lang.CharSequence.length();System.Threading.Thread.Length()
java.lang.Class.getGenericSuperclass();System.Threading.Thread.BaseType()
java.lang.Class.getDeclaredConstructor(Class<?>[]);System.Threading.Thread.ILOG.J2CsMapping.Reflect.Helper.GetConstructor(@0,@1)
java.lang.Class.isInstance(Object);System.Threading.Thread.IsInstanceOfType(java.lang.Object)
java.lang.Class.isInterface();System.Threading.Thread.IsInterface()
java.lang.Class.getCanonicalName();System.Threading.Thread.FullName()
java.lang.Class.isPrimitive();System.Threading.Thread.IsPrimitive()
java.lang.Class.getDeclaredMethods();System.Threading.Thread.GetMethods(BindingFlags.Instance|BindingFlags.NonPublic|BindingFlags.Public|BindingFlags.Static)
java.lang.Class.getDeclaredMethod(String,Class<?>[]);System.Threading.Thread.ILOG.J2CsMapping.Reflect.Helper.GetMethod(@0,@1,@2)
java.lang.Class.getClassLoader();System.Threading.Thread.Assembly()
java.lang.Class.getGenericInterfaces();System.Threading.Thread.GetInterfaces()
java.lang.Class.getSimpleName();System.Threading.Thread.Name()
java.lang.Class.forName(String);System.Threading.Thread.ILOG.J2CsMapping.Reflect.Helper.GetNativeType(@1)
java.lang.Class.getName();System.Threading.Thread.FullName()
java.lang.Class.getDeclaringClass();System.Threading.Thread.DeclaringType()
java.lang.Class.getComponentType();System.Threading.Thread.GetElementType()
java.lang.Class.getMethod(String,Class<?>[]);System.Threading.Thread.ILOG.J2CsMapping.Reflect.Helper.GetMethod(@0,@1,@2)
java.lang.Class.isArray();System.Threading.Thread.IsArray()
java.lang.Class.getPackage();System.Threading.Thread.Namespace()
java.lang.Class.getResourceAsStream(String);System.Threading.Thread.Assembly.GetFile(@1)
java.lang.Class.forName(String,boolean,ClassLoader);System.Threading.Thread.ILOG.J2CsMapping.Reflect.Helper.GetNativeType(@1)
java.lang.Class.getDeclaredConstructors();System.Threading.Thread.GetConstructors(BindingFlags.Instance|BindingFlags.NonPublic|BindingFlags.Public|BindingFlags.Static)
java.lang.Class.getModifiers();System.Threading.Thread.new ILOG.J2CsMapping.Reflect.IlrModifier(@0).GetModifiers()
java.lang.Class.getDeclaredFields();System.Threading.Thread.GetFields(BindingFlags.Instance|BindingFlags.NonPublic|BindingFlags.Public|BindingFlags.Static)
java.lang.Class.getSuperclass();System.Threading.Thread.BaseType()
java.lang.Class.getConstructor(Class<?>[]);System.Threading.Thread.ILOG.J2CsMapping.Reflect.Helper.GetConstructor(@0,@1)
java.lang.Class.newInstance();System.Threading.Thread.Activator.CreateInstance(@0)
java.lang.Class.getDeclaredField(String);System.Threading.Thread.GetField(java.lang.String)
java.lang.StringBuffer.charAt(int);System.Threading.Thread.@0[@1]
java.lang.StringBuffer.substring(int,int);System.Threading.Thread.ToString(@1,@2-@1)
java.lang.StringBuffer.deleteCharAt(int);System.Threading.Thread.Remove(@1,1)
java.lang.StringBuffer.substring(int);System.Threading.Thread.ToString(@1,Length-@1)
java.lang.StringBuffer.delete(int,int);System.Threading.Thread.Remove(@1,@2-(@1))
java.lang.StringBuffer.setCharAt(int,char);System.Threading.Thread.@0[@1]=@2
java.lang.StringBuffer.length();System.Threading.Thread.Length()
java.lang.StringBuffer.setLength(int);System.Threading.Thread.Length=@1
java.lang.StringBuffer.getChars(int,int,char[],int);System.Threading.Thread.CopyTo(@1,@3,@4,@2}
java.lang.Math.log(double);System.Threading.Thread.Math.Log(@1)
java.lang.Math.floor(double);System.Threading.Thread.Math.Floor(@1)
java.lang.Math.toDegrees(double);System.Threading.Thread.(@1*180/Math.PI)
java.lang.Math.abs(double);System.Threading.Thread.Math.Abs(@1)
java.lang.Math.pow(double,double);System.Threading.Thread.Math.Pow(@1,@2)
java.lang.Math.ceil(double);System.Threading.Thread.Math.Ceiling(@1)
java.lang.Math.round(double);System.Threading.Thread.Math.Round(@1,MidpointRounding.AwayFromZero)
java.lang.Math.min(int,int);System.Threading.Thread.Math.Min(@1,@2)
java.lang.Math.max(int,int);System.Threading.Thread.Math.Max(@1,@2)
java.lang.Math.rint(double);System.Threading.Thread.Math.Round(@1)
java.lang.Math.random();System.Threading.Thread.(new Random()).Next()
java.lang.Math.abs(int);System.Threading.Thread.Math.Abs(@1)
java.lang.Math.abs(float);System.Threading.Thread.Math.Abs(@1)
java.lang.Math.max(double,double);System.Threading.Thread.Math.Max(@1,@2)
java.lang.Math.min(long,long);System.Threading.Thread.Math.Min(@1,@2)
java.lang.Math.sqrt(double);System.Threading.Thread.Math.Sqrt(@1)
java.lang.Math.min(double,double);System.Threading.Thread.Math.Min(@1,@2)
java.lang.Math.exp(double);System.Threading.Thread.Math.Exp(@1)
java.lang.Math.min(float,float);System.Threading.Thread.Math.Min(@1,@2)
java.lang.Math.max(long,long);System.Threading.Thread.Math.Max(@1,@2)
java.lang.Math.abs(long);System.Threading.Thread.Math.Abs(@1)
java.lang.Math.max(float,float);System.Threading.Thread.Math.Max(@1,@2)
java.lang.System.exit(int);System.Threading.Thread.Environment.Exit(@1)
java.lang.System.getProperty(String,String);System.Threading.Thread.System.Environment.GetEnvironmentVariable(@1)
java.lang.System.nanoTime();System.Threading.Thread.(System.DateTime.Now.Ticks*100)
java.lang.System.identityHashCode(Object);System.Threading.Thread.ILOG.J2CsMapping.Util.HashCodeUtil.IdentityHashCode(@1)
java.lang.System.setProperty(String,String);System.Threading.Thread.ILOG.J2CsMapping.Util.Properties props = new ILOG.J2CsMapping.Util.Properties(); props.SetProperty( @1, @2 )
java.lang.System.getSecurityManager();System.Threading.Thread.new ILOG.J2CsMapping.Security.IlrSecurityManager()
java.lang.System.currentTimeMillis();System.Threading.Thread.DateTime.Now.Millisecond
java.lang.System.arraycopy(Object,int,Object,int,int);System.Threading.Thread.System.Array.Copy((Array)(@1),@2,(Array)(@3),@4,@5)
java.lang.System.getProperty(String);System.Threading.Thread.System.Environment.GetEnvironmentVariable(@1)
java.lang.Iterable.iterator();System.Threading.Thread.new ILOG.J2CsMapping.Collections.IteratorAdapter(GetEnumerator())
java.lang.AbstractStringBuilder.deleteCharAt(int);System.Threading.Thread.Remove(@1,1)
java.lang.AbstractStringBuilder.charAt(int);System.Threading.Thread.@0[@1]
java.lang.AbstractStringBuilder.delete(int,int);System.Threading.Thread.Remove(@1,@2)
java.lang.AbstractStringBuilder.substring(int,int);System.Threading.Thread.ToString(@1,@2-@1)
java.lang.AbstractStringBuilder.substring(int);System.Threading.Thread.ToString(@1,Length-@1)
java.lang.AbstractStringBuilder.setCharAt(int,char);System.Threading.Thread.@0[@1]=@2
java.lang.AbstractStringBuilder.length();System.Threading.Thread.Length()
java.lang.AbstractStringBuilder.setLength(int);System.Threading.Thread.Length=@1
java.lang.String.split(String);System.Threading.Thread.Split(ToCharArray())
java.lang.String.charAt(int);System.Threading.Thread.@0[@1]
java.lang.String.equalsIgnoreCase(String);System.Threading.Thread.Equals(@1,StringComparison.InvariantCultureIgnoreCase)
java.lang.String.toLowerCase(Locale);System.Threading.Thread.ToLower(@1)
java.lang.String.length();System.Threading.Thread.Length()
java.lang.String.substring(int);System.Threading.Thread.Substring(@1)
java.lang.String.getBytes(String);System.Threading.Thread.ILOG.J2CsMapping.Util.StringUtil.GetBytes(@0,@1)
java.lang.String.matches(String);System.Threading.Thread.ILOG.J2CsMapping.Util.StringUtil.Matches(@0,@1)
java.lang.String.valueOf(int);System.Threading.Thread.ToString()
java.lang.String.toUpperCase(Locale);System.Threading.Thread.ToUpper(java.util.Locale)
java.lang.String.getChars(int,int,char[],int);System.Threading.Thread.CopyTo(@1,@3,@4,@2-@1)
java.lang.String.concat(String);System.Threading.Thread.String.Concat(@0,@1)
java.lang.String.compareToIgnoreCase(String);System.Threading.Thread.String.Compare(@0,@1,true)
java.lang.String.codePointAt(int);System.Threading.Thread.@0[@1]
java.lang.String.getBytes();System.Threading.Thread.ILOG.J2CsMapping.Util.StringUtil.GetBytes(@0)
java.lang.String.indexOf(String,int);System.Threading.Thread.ILOG.J2CsMapping.Util.StringUtil.IndexOf(@0,@1,@2)
java.lang.String.startsWith(String);System.Threading.Thread.StartsWith(@1)
java.lang.String.toUpperCase();System.Threading.Thread.ToUpper()
java.lang.String.replaceFirst(String,String);System.Threading.Thread.ILOG.J2CsMapping.Util.StringUtil.ReplaceFirst(@0,@1,@2)
java.lang.String.valueOf(char);System.Threading.Thread.ToString()
java.lang.String.valueOf(float);System.Threading.Thread.ToString()
java.lang.String.valueOf(Object);System.Threading.Thread.ToString()
java.lang.String.toLowerCase();System.Threading.Thread.ToLower()
java.lang.String.compareTo(String);System.Threading.Thread.String.CompareOrdinal(@0,@1)
java.lang.String.replaceAll(String,String);System.Threading.Thread.Replace(java.lang.String,java.lang.String)
java.lang.String.intern();System.Threading.Thread.string.Intern(@0)
java.lang.String.format(String,Object[]);System.Threading.Thread.ILOG.J2CsMapping.Util.StringUtil.Format(@1,..)
java.lang.String.substring(int,int);System.Threading.Thread.Substring(@1,(@2)-(@1))
java.lang.String.valueOf(long);System.Threading.Thread.ToString()
java.lang.String.valueOf(double);System.Threading.Thread.ToString()
java.lang.String.startsWith(String,int);System.Threading.Thread.ILOG.J2CsMapping.Util.StringUtil.StartsWith(@0,@1,@2)
java.lang.String.valueOf(boolean);System.Threading.Thread.ToString()
java.lang.SecurityManager.checkCreateClassLoader();System.Threading.Thread.CheckCreateAssembly()
java.lang.Throwable.getStackTrace();System.Threading.Thread.StackTrace
java.lang.Throwable.getCause();System.Threading.Thread.InnerException()
java.lang.Throwable.getLocalizedMessage();System.Threading.Thread.Message()
java.lang.Throwable.getMessage();System.Threading.Thread.Message()
java.lang.Throwable.printStackTrace(PrintStream);System.Threading.Thread.WriteLine(StackTrace)
java.lang.Throwable.printStackTrace(PrintWriter);System.Threading.Thread.WriteLine(StackTrace)
java.lang.Throwable.printStackTrace();System.Threading.Thread.Console.Error.WriteLine(StackTrace)
java.lang.ClassLoader.getSystemClassLoader();System.Threading.Thread.GetEntryAssembly()
java.lang.ClassLoader.getResource(String);System.Threading.Thread.ILOG.J2CsMapping.IO.IOUtility.GetResource(@0,@1)
java.lang.ClassLoader.loadClass(String,boolean);System.Threading.Thread.GetType(java.lang.String,boolean)
java.lang.ClassLoader.getResourceAsStream(String);System.Threading.Thread.ILOG.J2CsMapping.IO.IOUtility.GetResourceAsStream(@0,@1)
java.lang.ClassLoader.loadClass(String);System.Threading.Thread.GetType(java.lang.String)
java.lang.StringBuilder.delete(int,int);System.Threading.Thread.Remove(@1,@2)
java.net.URLDecoder.decode(String,String);System.Web.HttpUtility.ILOG.J2CsMapping.Net.URLEncoding.UrlDecode(@1,@2)
java.net.URLConnection.getInputStream();System.Web.HttpUtility.GetResponse().GetResponseStream()
java.net.URLConnection.connect();System.Web.HttpUtility.ILOG.J2CsMapping.IO.NetHelper.Connect(@0)
java.net.URLEncoder.encode(String,String);System.Web.HttpUtility.ILOG.J2CsMapping.Net.URLEncoding.UrlEncode(@1,@2)
java.net.URL.openStream();System.Web.HttpUtility.ILOG.Rules.Util.Net.NetHelper.OpenStream(@0)
java.net.URL.openConnection();System.Web.HttpUtility.WebRequest.Create(@0)
junit.framework.Assert.assertNull(String,Object);NUnit.Framework.Assert.NUnit.Framework.Assert.IsNull(@2,@1)
junit.framework.Assert.assertEquals(int,int);NUnit.Framework.Assert.NUnit.Framework.Assert.AreEqual(@1,@2)
junit.framework.Assert.assertNotNull(String,Object);NUnit.Framework.Assert.NUnit.Framework.Assert.IsNotNull(@2,@1)
junit.framework.Assert.assertNotSame(String,Object,Object);NUnit.Framework.Assert.NUnit.Framework.Assert.AreNotSame(@2,@3,@1)
junit.framework.Assert.assertEquals(String,boolean,boolean);NUnit.Framework.Assert.NUnit.Framework.Assert.AreEqual(@2,@3,@1)
junit.framework.Assert.assertEquals(String,String,String);NUnit.Framework.Assert.NUnit.Framework.Assert.AreEqual(@2,@3,@1)
junit.framework.Assert.assertFalse(String,boolean);NUnit.Framework.Assert.NUnit.Framework.Assert.IsFalse(@2,@1)
junit.framework.Assert.assertNotSame(Object,Object);NUnit.Framework.Assert.NUnit.Framework.Assert.AreNotSame(@1,@2)
junit.framework.Assert.assertEquals(String,byte,byte);NUnit.Framework.Assert.NUnit.Framework.Assert.AreEqual(@2,@3,@1)
junit.framework.Assert.assertEquals(String,double,double,double);NUnit.Framework.Assert.NUnit.Framework.Assert.AreEqual(@2,@3,@4,@1)
junit.framework.Assert.assertEquals(String,float,float,float);NUnit.Framework.Assert.NUnit.Framework.Assert.AreEqual(@2,@3,@4,@1)
junit.framework.Assert.assertEquals(String,int,int);NUnit.Framework.Assert.NUnit.Framework.Assert.AreEqual(@2,@3,@1)
junit.framework.Assert.assertEquals(String,short,short);NUnit.Framework.Assert.NUnit.Framework.Assert.AreEqual(@2,@3,@1)
junit.framework.Assert.assertEquals(Object,Object);NUnit.Framework.Assert.NUnit.Framework.Assert.AreEqual(@1,@2)
junit.framework.Assert.assertNull(Object);NUnit.Framework.Assert.NUnit.Framework.Assert.IsNull(@1)
junit.framework.Assert.assertEquals(String,String);NUnit.Framework.Assert.NUnit.Framework.Assert.AreEqual(@1,@2)
junit.framework.Assert.assertEquals(String,long,long);NUnit.Framework.Assert.NUnit.Framework.Assert.AreEqual(@2,@3,@1)
junit.framework.Assert.assertEquals(byte,byte);NUnit.Framework.Assert.NUnit.Framework.Assert.AreEqual(@1,@2)
junit.framework.Assert.assertEquals(String,char,char);NUnit.Framework.Assert.NUnit.Framework.Assert.AreEqual(@2,@3,@1)
junit.framework.Assert.assertTrue(String,boolean);NUnit.Framework.Assert.NUnit.Framework.Assert.IsTrue(@2,@1)
junit.framework.Assert.assertEquals(float,float,float);NUnit.Framework.Assert.NUnit.Framework.Assert.AreEqual(@1,@2,@3)
junit.framework.Assert.assertEquals(short,short);NUnit.Framework.Assert.NUnit.Framework.Assert.AreEqual(@1,@2)
junit.framework.Assert.assertSame(Object,Object);NUnit.Framework.Assert.NUnit.Framework.Assert.AreSame(@1,@2)
junit.framework.Assert.assertTrue(boolean);NUnit.Framework.Assert.NUnit.Framework.Assert.IsTrue(@1)
junit.framework.Assert.assertEquals(char,char);NUnit.Framework.Assert.NUnit.Framework.Assert.AreEqual(@1,@2)
junit.framework.Assert.assertEquals(double,double,double);NUnit.Framework.Assert.NUnit.Framework.Assert.AreEqual(@1,@2,@3)
junit.framework.Assert.assertFalse(boolean);NUnit.Framework.Assert.NUnit.Framework.Assert.IsFalse(@1)
junit.framework.Assert.assertSame(String,Object,Object);NUnit.Framework.Assert.NUnit.Framework.Assert.AreSame(@2,@3,@1)
junit.framework.Assert.assertEquals(String,Object,Object);NUnit.Framework.Assert.NUnit.Framework.Assert.AreEqual(@2,@3,@1)
junit.framework.Assert.assertEquals(boolean,boolean);NUnit.Framework.Assert.NUnit.Framework.Assert.AreEqual(@1,@2)
junit.framework.Assert.assertNotNull(Object);NUnit.Framework.Assert.NUnit.Framework.Assert.IsNotNull(@1)
junit.framework.Assert.assertEquals(long,long);NUnit.Framework.Assert.NUnit.Framework.Assert.AreEqual(@1,@2)
java.lang.Short.shortValue();System.Int16.@0
java.lang.Short.valueOf(short);System.Int16.((short)@1)
java.lang.Short.valueOf(String);System.Int16.Int16.Parse(@1)
java.lang.Number.longValue();System.Int16.Convert.ToInt64(@0)
java.lang.Number.floatValue();System.Int16.Convert.ToSingle(@0)
java.lang.Number.shortValue();System.Int16.Convert.ToInt16(@0)
java.lang.Number.intValue();System.Int16.System.Convert.ToInt32(@0)
java.lang.Number.doubleValue();System.Int16.Convert.ToDouble(@0)
java.lang.Number.byteValue();System.Int16.Convert.ToByte(@0)
java.lang.Character.isWhitespace(char);System.Int16.Char.IsWhiteSpace(@1)
java.lang.Character.toTitleCase(char);System.Int16.@1
java.lang.Character.isSpaceChar(char);System.Int16.Char.IsWhiteSpace(@1)
java.lang.Character.valueOf(char);System.Int16.((char)@1)
java.lang.Character.isUpperCase(char);System.Int16.Char.IsUpper(@1)
java.lang.Character.isDigit(char);System.Int16.Char.IsDigit(@1)
java.lang.Character.digit(char,int);System.Int16.ILOG.J2CsMapping.Util.Character.Digit(@1,@2)
java.lang.Character.isLowerCase(char);System.Int16.Char.IsLower(@1)
java.lang.Character.isISOControl(char);System.Int16.Char.IsControl(@1)
java.lang.Character.isJavaIdentifierStart(char);System.Int16.ILOG.J2CsMapping.Util.Character.IsCSharpIdentifierStart(@1)
java.lang.Character.toLowerCase(char);System.Int16.Char.ToLower(@1)
java.lang.Character.charValue();System.Int16.@0
java.lang.Character.toUpperCase(char);System.Int16.Char.ToUpper(@1)
java.lang.Character.isJavaIdentifierPart(char);System.Int16.ILOG.J2CsMapping.Util.Character.IsCSharpIdentifierPart(@1)
java.lang.Double.isInfinite(double);System.Int16.Double.IsInfinity(@1)
java.lang.Double.doubleToLongBits(double);System.Int16.BitConverter.DoubleToInt64Bits(@1)
java.lang.Double.compare(double,double);System.Int16.CompareTo(@2)
java.lang.Double.toString(double);System.Int16.String.Concat(@1)
java.lang.Double.isInfinite();System.Int16.Double.IsInfinity((double)@0)
java.lang.Double.doubleValue();System.Int16.@0
java.lang.Double.parseDouble(String);System.Int16.((Double )Double.Parse(@1,ILOG.J2CsMapping.Util.NumberFormatProvider.NumberFormat))
java.lang.Double.longBitsToDouble(long);System.Int16.BitConverter.Int64BitsToDouble(@1)
java.lang.Double.isNaN(double);System.Int16.Double.IsNaN(@1)
java.lang.Double.valueOf(double);System.Int16.((double)@1)
java.lang.Double.valueOf(String);System.Int16.((Double )Double.Parse(@1,ILOG.J2CsMapping.Util.NumberFormatProvider.NumberFormat))
java.lang.Boolean.parseBoolean(String);System.Int16.Boolean.Parse(@1)
java.lang.Boolean.booleanValue();System.Int16.(bool)(@0)
java.lang.Boolean.valueOf(String);System.Int16.ILOG.J2CsMapping.Util.BooleanUtil.ValueOf(@1)
java.lang.Boolean.getBoolean(String);System.Int16.Boolean.Parse(@1)
java.lang.Boolean.toString(boolean);System.Int16.ILOG.J2CsMapping.Util.BooleanUtil.ToString(@1)
java.lang.Boolean.valueOf(boolean);System.Int16.ILOG.J2CsMapping.Util.BooleanUtil.ValueOf(@1)
java.lang.Long.toHexString(long);System.Int16.string.Format(,@1)
java.lang.Long.valueOf(String);System.Int16.((Int64 )Int64.Parse(@1))
java.lang.Long.toString(long);System.Int16.ToString()
java.lang.Long.valueOf(long);System.Int16.((long)@1)
java.lang.Long.longValue();System.Int16.@0
java.lang.Long.numberOfTrailingZeros(long);System.Int16.ILOG.J2CsMapping.Util.Int64Helper.NumberOfTrailingZeros(@1)
java.lang.Long.valueOf(String,int);System.Int16.((Int64 )Convert.ToInt64(@1,@2))
java.lang.Long.parseLong(String);System.Int16.((Int64 )Int64.Parse(@1,System.Globalization.NumberStyles.Integer))
java.lang.Long.numberOfLeadingZeros(long);System.Int16.ILOG.J2CsMapping.Util.Int64Helper.NumberOfLeadingZeros(@1)
java.lang.Long.decode(String);System.Int16.((Int64 )ILOG.J2CsMapping.Util.Int64Helper.Decode(@1))
java.lang.Byte.valueOf(String);System.Int16.Byte.Parse(@1)
java.lang.Byte.valueOf(byte);System.Int16.((byte)@1)
java.lang.Byte.byteValue();System.Int16.@0
java.lang.Float.toString(float);System.Int16.String.Concat(@1)
java.lang.Float.valueOf(float);System.Int16.((float)@1)
java.lang.Float.parseFloat(String);System.Int16.Single.Parse(@1,ILOG.J2CsMapping.Util.NumberFormatProvider.NumberFormat)
java.lang.Float.floatValue();System.Int16.@0
java.lang.Float.intBitsToFloat(int);System.Int16.BitConverter.DoubleToInt64Bits(@1)
java.lang.Float.compare(float,float);System.Int16.CompareTo(@2)
java.lang.Float.isInfinite();System.Int16.Single.IsInfinity((float)@0)
java.lang.Float.valueOf(String);System.Int16.Single.Parse(@1,ILOG.J2CsMapping.Util.NumberFormatProvider.NumberFormat)
java.lang.Float.isNaN(float);System.Int16.Single.IsNaN(@1)
java.lang.Integer.parseInt(String);System.Int16.Int32.Parse(@1)
java.lang.Integer.valueOf(String);System.Int16.((Int32 )Int32.Parse(@1))
java.lang.Integer.parseInt(String,int);System.Int16.((Int32 )Convert.ToInt32(@1,@2))
java.lang.Integer.toString(int,int);System.Int16.ILOG.J2CsMapping.Util.IlNumber.ToString(@1,@2)
java.lang.Integer.compareTo(Integer);System.Int16.ILOG.J2CsMapping.Util.Int32Helper.CompareTo(@0,@1)
java.lang.Integer.decode(String);System.Int16.((Int32 )ILOG.J2CsMapping.Util.Int32Helper.Decode(@1))
java.lang.Integer.toBinaryString(int);System.Int16.ILOG.J2CsMapping.Util.IlNumber.ToString(@1,2)
java.lang.Integer.toHexString(int);System.Int16.ILOG.J2CsMapping.Util.IlNumber.ToString(@1,16)
java.lang.Integer.valueOf(int);System.Int16.((int)@1)
java.lang.Integer.toString(int);System.Int16.ILOG.J2CsMapping.Util.IlNumber.ToString(@1)
java.lang.Integer.valueOf(String,int);System.Int16.((Int32 )Convert.ToInt32(@1,@2))
java.lang.Integer.intValue();System.Int16.@0
java.sql.ResultSet.getFloat(String);System.Data.SqlClient.SqlDataReader.(float)@0[@1]
java.sql.ResultSet.getDouble(String);System.Data.SqlClient.SqlDataReader.(double)@0[@1]
java.sql.ResultSet.getBoolean(String);System.Data.SqlClient.SqlDataReader.(bool)@0[@1]
java.sql.ResultSet.getInt(String);System.Data.SqlClient.SqlDataReader.(int)@0[@1]
java.sql.ResultSet.getString(String);System.Data.SqlClient.SqlDataReader.(string)@0[@1]
java.sql.ResultSet.next();System.Data.SqlClient.SqlDataReader.NextResult()
java.sql.ResultSet.getShort(String);System.Data.SqlClient.SqlDataReader.(short)@0[@1]
java.sql.ResultSet.getByte(String);System.Data.SqlClient.SqlDataReader.(byte)@0[@1]
java.sql.ResultSet.getLong(String);System.Data.SqlClient.SqlDataReader.(long)@0[@1]
java.sql.ResultSet.wasNull();System.Data.SqlClient.SqlDataReader.Convert.IsDBNull(@0)
java.sql.Connection.createStatement();System.Data.SqlClient.SqlDataReader.CreateCommand()
java.lang.Short.shortValue();System.Int16.Value
java.lang.Short.valueOf(short);System.Int16.((short)@1)
java.lang.Short.valueOf(String);System.Int16.Int16.Parse(@1)
java.lang.Number.longValue();System.Int16.Convert.ToInt64(@0)
java.lang.Number.floatValue();System.Int16.Convert.ToSingle(@0)
java.lang.Number.shortValue();System.Int16.Convert.ToInt16(@0)
java.lang.Number.intValue();System.Int16.System.Convert.ToInt32(@0)
java.lang.Number.doubleValue();System.Int16.Convert.ToDouble(@0)
java.lang.Number.byteValue();System.Int16.Convert.ToByte(@0)
java.lang.Character.isWhitespace(char);System.Int16.Char.IsWhiteSpace(@1)
java.lang.Character.toTitleCase(char);System.Int16.@1
java.lang.Character.isSpaceChar(char);System.Int16.Char.IsWhiteSpace(@1)
java.lang.Character.valueOf(char);System.Int16.((char)@1)
java.lang.Character.isUpperCase(char);System.Int16.Char.IsUpper(@1)
java.lang.Character.isDigit(char);System.Int16.Char.IsDigit(@1)
java.lang.Character.digit(char,int);System.Int16.ILOG.J2CsMapping.Util.Character.Digit(@1,@2)
java.lang.Character.isLowerCase(char);System.Int16.Char.IsLower(@1)
java.lang.Character.isISOControl(char);System.Int16.Char.IsControl(@1)
java.lang.Character.isJavaIdentifierStart(char);System.Int16.ILOG.J2CsMapping.Util.Character.IsCSharpIdentifierStart(@1)
java.lang.Character.toLowerCase(char);System.Int16.Char.ToLower(@1)
java.lang.Character.charValue();System.Int16.Value
java.lang.Character.toUpperCase(char);System.Int16.Char.ToUpper(@1)
java.lang.Character.isJavaIdentifierPart(char);System.Int16.ILOG.J2CsMapping.Util.Character.IsCSharpIdentifierPart(@1)
java.lang.Double.isInfinite(double);System.Int16.Double.IsInfinity(@1)
java.lang.Double.doubleToLongBits(double);System.Int16.BitConverter.DoubleToInt64Bits(@1)
java.lang.Double.compare(double,double);System.Int16.CompareTo(@2)
java.lang.Double.toString(double);System.Int16.String.Concat(@1)
java.lang.Double.isInfinite();System.Int16.Double.IsInfinity((double)@0)
java.lang.Double.doubleValue();System.Int16.Value
java.lang.Double.parseDouble(String);System.Int16.((Double/* insert_here:? */)Double.Parse(@1,ILOG.J2CsMapping.Util.NumberFormatProvider.NumberFormat))
java.lang.Double.longBitsToDouble(long);System.Int16.BitConverter.Int64BitsToDouble(@1)
java.lang.Double.isNaN(double);System.Int16.Double.IsNaN(@1)
java.lang.Double.valueOf(double);System.Int16.((double)@1)
java.lang.Double.valueOf(String);System.Int16.((Double/* insert_here:? */)Double.Parse(@1,ILOG.J2CsMapping.Util.NumberFormatProvider.NumberFormat))
java.lang.Boolean.parseBoolean(String);System.Int16.Boolean.Parse(@1)
java.lang.Boolean.booleanValue();System.Int16.Value
java.lang.Boolean.valueOf(String);System.Int16.((Boolean/* insert_here:? */)ILOG.J2CsMapping.Util.BooleanUtil.ValueOf(@1))
java.lang.Boolean.getBoolean(String);System.Int16.Boolean.Parse(@1)
java.lang.Boolean.toString(boolean);System.Int16.ILOG.J2CsMapping.Util.BooleanUtil.ToString(@1)
java.lang.Boolean.valueOf(boolean);System.Int16.((boolean)@1)
java.lang.Long.toHexString(long);System.Int16.string.Format(,@1)
java.lang.Long.valueOf(String);System.Int16.((Int64/* insert_here:? */)Int64.Parse(@1))
java.lang.Long.toString(long);System.Int16.ToString()
java.lang.Long.valueOf(long);System.Int16.((long)@1)
java.lang.Long.longValue();System.Int16.Value
java.lang.Long.numberOfTrailingZeros(long);System.Int16.ILOG.J2CsMapping.Util.Int64Helper.NumberOfTrailingZeros(@1)
java.lang.Long.valueOf(String,int);System.Int16.((Int64/* insert_here:? */)Convert.ToInt64(@1,@2))
java.lang.Long.parseLong(String);System.Int16.((Int64/* insert_here:? */)Int64.Parse(@1,System.Globalization.NumberStyles.Integer)).Value
java.lang.Long.numberOfLeadingZeros(long);System.Int16.ILOG.J2CsMapping.Util.Int64Helper.NumberOfLeadingZeros(@1)
java.lang.Long.decode(String);System.Int16.((Int64/* insert_here:? */)ILOG.J2CsMapping.Util.Int64Helper.Decode(@1))
java.lang.Byte.valueOf(String);System.Int16.Byte.Parse(@1)
java.lang.Byte.valueOf(byte);System.Int16.((byte)@1)
java.lang.Byte.byteValue();System.Int16.Value
java.lang.Float.toString(float);System.Int16.String.Concat(@1)
java.lang.Float.valueOf(float);System.Int16.((float)@1)
java.lang.Float.parseFloat(String);System.Int16.Single.Parse(@1,ILOG.J2CsMapping.Util.NumberFormatProvider.NumberFormat)
java.lang.Float.floatValue();System.Int16.Value
java.lang.Float.intBitsToFloat(int);System.Int16.BitConverter.DoubleToInt64Bits(@1)
java.lang.Float.compare(float,float);System.Int16.CompareTo(@2)
java.lang.Float.isInfinite();System.Int16.Single.IsInfinity((float)@0)
java.lang.Float.valueOf(String);System.Int16.Single.Parse(@1,ILOG.J2CsMapping.Util.NumberFormatProvider.NumberFormat)
java.lang.Float.isNaN(float);System.Int16.Single.IsNaN(@1)
java.lang.Integer.parseInt(String);System.Int16.Int32.Parse(@1)
java.lang.Integer.valueOf(String);System.Int16.((Int32/* insert_here:? */)Int32.Parse(@1))
java.lang.Integer.parseInt(String,int);System.Int16.((Int32/* insert_here:? */)Convert.ToInt32(@1,@2))
java.lang.Integer.toString(int,int);System.Int16.ILOG.J2CsMapping.Util.IlNumber.ToString(@1,@2)
java.lang.Integer.compareTo(Integer);System.Int16.ILOG.J2CsMapping.Util.Int32Helper.CompareTo(@0,@1)
java.lang.Integer.valueOf(String,int);System.Int16.((Int32/* insert_here:? */)Convert.ToInt32(@1,@2))
java.lang.Integer.decode(String);System.Int16.((Int32/* insert_here:? */)ILOG.J2CsMapping.Util.Int32Helper.Decode(@1))
java.lang.Integer.toBinaryString(int);System.Int16.ILOG.J2CsMapping.Util.IlNumber.ToString(@1,2)
java.lang.Integer.toHexString(int);System.Int16.ILOG.J2CsMapping.Util.IlNumber.ToString(@1,16)
java.lang.Integer.valueOf(int);System.Int16.((int)@1)
java.lang.Integer.toString(int);System.Int16.ILOG.J2CsMapping.Util.IlNumber.ToString(@1)
java.lang.Integer.valueOf(String,int);System.Int16.((Int32/* insert_here:? */)Convert.ToInt32(@1,@2))
java.lang.Integer.intValue();System.Int16.Value
org.w3c.dom.ProcessingInstruction.getTarget();System.Xml.XmlProcessingInstruction.Target
org.w3c.dom.ProcessingInstruction.getData();System.Xml.XmlProcessingInstruction.Data
org.w3c.dom.ProcessingInstruction.setData(String);System.Xml.XmlProcessingInstruction.Data=@1
org.w3c.dom.CharacterData.getData();System.Xml.XmlProcessingInstruction.Data()
org.w3c.dom.NamedNodeMap.getLength();System.Xml.XmlProcessingInstruction.Count()
org.w3c.dom.NodeList.getLength();System.Xml.XmlProcessingInstruction.Count()
org.w3c.dom.Node.getNodeValue();System.Xml.XmlProcessingInstruction.Value()
org.w3c.dom.Node.getParentNode();System.Xml.XmlProcessingInstruction.ParentNode()
org.w3c.dom.Node.getNextSibling();System.Xml.XmlProcessingInstruction.NextSibling()
org.w3c.dom.Node.getNamespaceURI();System.Xml.XmlProcessingInstruction.NamespaceURI()
org.w3c.dom.Node.getOwnerDocument();System.Xml.XmlProcessingInstruction.OwnerDocument()
org.w3c.dom.Node.getNodeName();System.Xml.XmlProcessingInstruction.Name()
org.w3c.dom.Node.getLocalName();System.Xml.XmlProcessingInstruction.LocalName()
org.w3c.dom.Node.getNodeType();System.Xml.XmlProcessingInstruction.NodeType()
org.w3c.dom.Node.getTextContent();System.Xml.XmlProcessingInstruction.InnerText()
org.w3c.dom.Node.getChildNodes();System.Xml.XmlProcessingInstruction.ChildNodes()
org.w3c.dom.Node.getAttributes();System.Xml.XmlProcessingInstruction.Attributes()
org.w3c.dom.Node.getFirstChild();System.Xml.XmlProcessingInstruction.FirstChild()
org.w3c.dom.Document.createElementNS(String,String);System.Xml.XmlProcessingInstruction.CreateElement(@2,@1)
org.w3c.dom.Document.createCDATASection(String);System.Xml.XmlProcessingInstruction.CreateCDataSection(java.lang.String)
org.w3c.dom.Document.getDocumentElement();System.Xml.XmlProcessingInstruction.DocumentElement()
org.w3c.dom.Element.setAttributeNS(String,String,String);System.Xml.XmlProcessingInstruction.SetAttribute(java.lang.String,java.lang.String,java.lang.String)
org.w3c.dom.Element.getTagName();System.Xml.XmlProcessingInstruction.Name()
org.w3c.dom.Element.getAttributeNS(String,String);System.Xml.XmlProcessingInstruction.GetAttribute(@2,@1)
org.testng.Assert.assertEquals(int,int);NUnit.Framework.Assert.NUnit.Framework.Assert.AreEqual(@1,@2)
org.testng.Assert.assertSame(Object,Object,String);NUnit.Framework.Assert.NUnit.Framework.Assert.AreSame(@1,@2,@3)
org.testng.Assert.assertSame(Object,Object);NUnit.Framework.Assert.NUnit.Framework.Assert.AreSame(@1,@2)
org.testng.Assert.assertTrue(boolean);NUnit.Framework.Assert.NUnit.Framework.Assert.IsTrue(@1)
org.testng.Assert.assertNull(Object,String);NUnit.Framework.Assert.NUnit.Framework.Assert.IsNull(@1,@2)
org.testng.Assert.assertEquals(double,double,double);NUnit.Framework.Assert.NUnit.Framework.Assert.AreEqual(@1,@2,@3)
org.testng.Assert.assertEquals(float,float,float,String);NUnit.Framework.Assert.NUnit.Framework.Assert.AreEqual(@1,@2,@3,@4)
org.testng.Assert.assertNotSame(Object,Object);NUnit.Framework.Assert.NUnit.Framework.Assert.AreNotSame(@1,@2)
org.testng.Assert.assertFalse(boolean);NUnit.Framework.Assert.NUnit.Framework.Assert.IsFalse(@1)
org.testng.Assert.assertFalse(boolean,String);NUnit.Framework.Assert.NUnit.Framework.Assert.IsFalse(@1,@2)
org.testng.Assert.assertEquals(int,int,String);NUnit.Framework.Assert.NUnit.Framework.Assert.AreEqual(@1,@2,@3)
org.testng.Assert.assertNotSame(Object,Object,String);NUnit.Framework.Assert.NUnit.Framework.Assert.AreNotSame(@2,@3,@1)
org.testng.Assert.assertEquals(Object[],Object[]);NUnit.Framework.Assert.NUnit.Framework.Assert.AreEqual(@1,@2)
org.testng.Assert.assertNotNull(Object,String);NUnit.Framework.Assert.NUnit.Framework.Assert.IsNotNull(@1,@2)
org.testng.Assert.assertNull(Object);NUnit.Framework.Assert.NUnit.Framework.Assert.IsNull(@1)
org.testng.Assert.assertEquals(String,String);NUnit.Framework.Assert.NUnit.Framework.Assert.AreEqual(@1,@2)
org.testng.Assert.assertTrue(boolean,String);NUnit.Framework.Assert.NUnit.Framework.Assert.IsTrue(@1,@2)
org.testng.Assert.assertEquals(double,double,double,String);NUnit.Framework.Assert.NUnit.Framework.Assert.AreEqual(@1,@2,@3,@4)
org.testng.Assert.assertNotNull(Object);NUnit.Framework.Assert.NUnit.Framework.Assert.IsNotNull(@1)
org.testng.Assert.assertEquals(float,float,float);NUnit.Framework.Assert.NUnit.Framework.Assert.AreEqual(@1,@2,@3)
org.testng.Assert.assertEquals(Object[],Object[],String);NUnit.Framework.Assert.NUnit.Framework.Assert.AreEqual(@1,@2,@3)
org.testng.Assert.assertEquals(long,long);NUnit.Framework.Assert.NUnit.Framework.Assert.AreEqual(@1,@2)
org.testng.AssertJUnit.assertNull(String,Object);NUnit.Framework.Assert.NUnit.Framework.Assert.IsNull(@2,@1)
org.testng.AssertJUnit.assertEquals(int,int);NUnit.Framework.Assert.NUnit.Framework.Assert.AreEqual(@1,@2)
org.testng.AssertJUnit.assertNotNull(String,Object);NUnit.Framework.Assert.NUnit.Framework.Assert.IsNotNull(@2,@1)
org.testng.AssertJUnit.assertEquals(String,boolean,boolean);NUnit.Framework.Assert.NUnit.Framework.Assert.AreEqual(@2,@3,@1)
org.testng.AssertJUnit.assertEquals(String,String,String);NUnit.Framework.Assert.NUnit.Framework.Assert.AreEqual(@2,@3,@1)
org.testng.AssertJUnit.assertFalse(String,boolean);NUnit.Framework.Assert.NUnit.Framework.Assert.IsFalse(@2,@1)
org.testng.AssertJUnit.assertEquals(String,byte,byte);NUnit.Framework.Assert.NUnit.Framework.Assert.AreEqual(@2,@3,@1)
org.testng.AssertJUnit.assertEquals(String,double,double,double);NUnit.Framework.Assert.NUnit.Framework.Assert.AreEqual(@2,@3,@4,@1)
org.testng.AssertJUnit.assertEquals(String,float,float,float);NUnit.Framework.Assert.NUnit.Framework.Assert.AreEqual(@2,@3,@4,@1)
org.testng.AssertJUnit.assertEquals(String,int,int);NUnit.Framework.Assert.NUnit.Framework.Assert.AreEqual(@2,@3,@1)
org.testng.AssertJUnit.assertEquals(String,short,short);NUnit.Framework.Assert.NUnit.Framework.Assert.AreEqual(@2,@3,@1)
org.testng.AssertJUnit.assertEquals(Object,Object);NUnit.Framework.Assert.NUnit.Framework.Assert.AreEqual(@1,@2)
org.testng.AssertJUnit.assertNull(Object);NUnit.Framework.Assert.NUnit.Framework.Assert.IsNull(@1)
org.testng.AssertJUnit.assertEquals(String,String);NUnit.Framework.Assert.NUnit.Framework.Assert.AreEqual(@1,@2)
org.testng.AssertJUnit.assertEquals(String,long,long);NUnit.Framework.Assert.NUnit.Framework.Assert.AreEqual(@2,@3,@1)
org.testng.AssertJUnit.assertEquals(byte,byte);NUnit.Framework.Assert.NUnit.Framework.Assert.AreEqual(@1,@2)
org.testng.AssertJUnit.assertEquals(String,char,char);NUnit.Framework.Assert.NUnit.Framework.Assert.AreEqual(@2,@3,@1)
org.testng.AssertJUnit.assertTrue(String,boolean);NUnit.Framework.Assert.NUnit.Framework.Assert.IsTrue(@2,@1)
org.testng.AssertJUnit.assertEquals(float,float,float);NUnit.Framework.Assert.NUnit.Framework.Assert.AreEqual(@1,@2,@3)
org.testng.AssertJUnit.assertEquals(short,short);NUnit.Framework.Assert.NUnit.Framework.Assert.AreEqual(@1,@2)
org.testng.AssertJUnit.assertSame(Object,Object);NUnit.Framework.Assert.NUnit.Framework.Assert.AreSame(@1,@2)
org.testng.AssertJUnit.assertTrue(boolean);NUnit.Framework.Assert.NUnit.Framework.Assert.IsTrue(@1)
org.testng.AssertJUnit.assertEquals(char,char);NUnit.Framework.Assert.NUnit.Framework.Assert.AreEqual(@1,@2)
org.testng.AssertJUnit.assertEquals(double,double,double);NUnit.Framework.Assert.NUnit.Framework.Assert.AreEqual(@1,@2,@3)
org.testng.AssertJUnit.assertFalse(boolean);NUnit.Framework.Assert.NUnit.Framework.Assert.IsFalse(@1)
org.testng.AssertJUnit.assertSame(String,Object,Object);NUnit.Framework.Assert.NUnit.Framework.Assert.AreSame(@2,@3,@1)
org.testng.AssertJUnit.assertEquals(String,Object,Object);NUnit.Framework.Assert.NUnit.Framework.Assert.AreEqual(@2,@3,@1)
org.testng.AssertJUnit.assertEquals(boolean,boolean);NUnit.Framework.Assert.NUnit.Framework.Assert.AreEqual(@1,@2)
org.testng.AssertJUnit.assertNotNull(Object);NUnit.Framework.Assert.NUnit.Framework.Assert.IsNotNull(@1)
org.testng.AssertJUnit.assertEquals(long,long);NUnit.Framework.Assert.NUnit.Framework.Assert.AreEqual(@1,@2)
java.beans.PropertyDescriptor.getWriteMethod();System.Reflection.PropertyInfo.GetSetMethod()
java.beans.PropertyDescriptor.getPropertyType();System.Reflection.PropertyInfo.PropertyType()
java.beans.PropertyDescriptor.getReadMethod();System.Reflection.PropertyInfo.GetGetMethod()
java.beans.FeatureDescriptor.getDisplayName();System.Reflection.PropertyInfo.Name()
java.beans.FeatureDescriptor.getName();System.Reflection.PropertyInfo.Name()
java.beans.IndexedPropertyDescriptor.getIndexedReadMethod();System.Reflection.PropertyInfo.GetGetMethod()
java.beans.IndexedPropertyDescriptor.getIndexedPropertyType();System.Reflection.PropertyInfo.PropertyType()
java.beans.IndexedPropertyDescriptor.getIndexedWriteMethod();System.Reflection.PropertyInfo.GetSetMethod()
java.security.MessageDigest.getInstance(String);System.Security.Cryptography.MD5.Create()
java.security.MessageDigest.update(byte[]);System.Security.Cryptography.MD5.ComputeHash(@1)
java.security.MessageDigest.reset();System.Security.Cryptography.MD5.Initialize()
java.security.MessageDigest.digest();System.Security.Cryptography.MD5.Hash
java.security.AccessController.doPrivileged(PrivilegedAction<T>);System.Security.Cryptography.MD5.Run()
java.io.Writer.write(String,int,int);System.IO.TextWriter.Write(@1,@2,Substring(@2,@3))
java.io.Writer.write(int);System.IO.TextWriter.Write((char)@1)
java.io.File.length();System.IO.TextWriter.Length()
java.io.File.mkdirs();System.IO.TextWriter.System.IO.Directory.CreateDirectory(FullName)
java.io.File.exists();System.IO.TextWriter.Exists()
java.io.File.mkdirs();System.IO.TextWriter.System.IO.Directory.CreateDirectory(FullName)
java.io.File.isDirectory();System.IO.TextWriter.System.IO.Directory.Exists(DirectoryName)
java.io.File.canWrite();System.IO.TextWriter.(Exists && !IsReadOnly)
java.io.File.lastModified();System.IO.TextWriter.LastWriteTime.Ticks
java.io.File.createNewFile();System.IO.TextWriter.Create()
java.io.File.getName();System.IO.TextWriter.Name()
java.io.File.getPath();System.IO.TextWriter.System.IO.Path.GetFullPath(Name)
java.io.File.getCanonicalPath();System.IO.TextWriter.FullName()
java.io.File.getAbsolutePath();System.IO.TextWriter.FullName()
java.io.Reader.read(char[]);System.IO.TextWriter.Read(@1,0,Length)
java.io.RandomAccessFile.seek(long);System.IO.TextWriter.BaseStream.Seek(@1,System.IO.SeekOrigin.Begin)
java.io.RandomAccessFile.setLength(long);System.IO.TextWriter.BaseStream.SetLength(@1)
java.io.RandomAccessFile.readByte();System.IO.TextWriter.(byte)BaseStream.ReadByte()
java.io.InputStream.read();System.IO.TextWriter.ReadByte()
java.io.InputStream.read(byte[]);System.IO.TextWriter.Read(@1,0,Length)
java.io.StringWriter.getBuffer();System.IO.TextWriter.GetStringBuilder()
java.io.CharArrayWriter.toCharArray();System.IO.TextWriter.ToString().ToCharArray()
java.io.CharArrayWriter.reset();System.IO.TextWriter.GetStringBuilder().Length=0
java.io.OutputStream.write(byte[]);System.IO.TextWriter.Write(@1,0,Length)
java.io.OutputStream.write(int);System.IO.TextWriter.WriteByte((byte)@1)
java.io.PrintWriter.println(float);System.IO.TextWriter.WriteLine(float)
java.io.PrintWriter.println(int);System.IO.TextWriter.WriteLine(int)
java.io.PrintWriter.print(long);System.IO.TextWriter.Write(long)
java.io.PrintWriter.append(char);System.IO.TextWriter.Write(char)
java.io.PrintWriter.println(long);System.IO.TextWriter.WriteLine(long)
java.io.PrintWriter.print(int);System.IO.TextWriter.Write(int)
java.io.PrintWriter.print(char[]);System.IO.TextWriter.Write(char[])
java.io.PrintWriter.print(double);System.IO.TextWriter.Write(double)
java.io.PrintWriter.println(Object);System.IO.TextWriter.WriteLine(java.lang.Object)
java.io.PrintWriter.println(Object);System.IO.TextWriter.WriteLine(java.lang.Object)
java.io.PrintWriter.println(String);System.IO.TextWriter.WriteLine(java.lang.String)
java.io.PrintWriter.println(char[]);System.IO.TextWriter.WriteLine(char[])
java.io.PrintWriter.println(double);System.IO.TextWriter.WriteLine(double)
java.io.PrintWriter.print(Object);System.IO.TextWriter.Write(java.lang.Object)
java.io.PrintWriter.append(CharSequence);System.IO.TextWriter.Write(java.lang.CharSequence)
java.io.PrintWriter.print(float);System.IO.TextWriter.Write(float)
java.io.PrintWriter.println(boolean);System.IO.TextWriter.WriteLine(boolean)
java.io.PrintWriter.println();System.IO.TextWriter.WriteLine()
java.io.PrintWriter.print(String);System.IO.TextWriter.Write(java.lang.String)
java.io.PrintWriter.print(boolean);System.IO.TextWriter.Write(boolean)
java.io.PrintStream.println(float);System.IO.TextWriter.WriteLine(float)
java.io.PrintStream.println(int);System.IO.TextWriter.WriteLine(int)
java.io.PrintStream.print(long);System.IO.TextWriter.Write(long)
java.io.PrintStream.println(long);System.IO.TextWriter.WriteLine(long)
java.io.PrintStream.print(int);System.IO.TextWriter.Write(int)
java.io.PrintStream.print(char[]);System.IO.TextWriter.Write(char[])
java.io.PrintStream.print(double);System.IO.TextWriter.Write(double)
java.io.PrintStream.println(Object);System.IO.TextWriter.WriteLine(java.lang.Object)
java.io.PrintStream.println(String);System.IO.TextWriter.WriteLine(java.lang.String)
java.io.PrintStream.println(char[]);System.IO.TextWriter.WriteLine(char[])
java.io.PrintStream.println(double);System.IO.TextWriter.WriteLine(double)
java.io.PrintStream.print(Object);System.IO.TextWriter.Write(java.lang.Object)
java.io.PrintStream.print(float);System.IO.TextWriter.Write(float)
java.io.PrintStream.println(boolean);System.IO.TextWriter.WriteLine(boolean)
java.io.PrintStream.println();System.IO.TextWriter.WriteLine()
java.io.PrintStream.print(String);System.IO.TextWriter.Write(java.lang.String)
java.io.PrintStream.print(boolean);System.IO.TextWriter.Write(boolean)
java.io.ByteArrayOutputStream.toByteArray();System.IO.TextWriter.ToArray()
java.nio.charset.CharsetDecoder.decode(ByteBuffer);System.Text.Decoder.ILOG.J2CsMapping.NIO.CharBuffer.Decode(@1,@0)
java.nio.charset.Charset.newDecoder();System.Text.Decoder.GetDecoder()
java.nio.charset.Charset.forName(String);System.Text.Decoder.System.Text.Encoding.GetEncoding(@1)
java.nio.charset.Charset.newEncoder();System.Text.Decoder.GetEncoder()
java.nio.charset.CharsetEncoder.encode(CharBuffer);System.Text.Decoder.ILOG.J2CsMapping.NIO.ByteBuffer.Encode(@1,@0)
